xmin,xmax,text,file
2.158242862654321,2.3121751875407694,l,KS-S01-JA_aleke_127_1.wav
1.865288607226107,2.0390365305280524,l,KS-S01-JA_aleke_128_2.wav
2.2953638888888888,2.4479068665628243,l,KS-S01-JA_aleke_157_1.wav
2.2479361689814814,2.333542852303523,l,KS-S01-JA_aleke_158_2.wav
2.7493533442982456,2.971061331590621,l,KS-S01-JA_aleke_244_1.wav
2.249067049808429,2.5559645498332033,l,KS-S01-JA_aleke_245_2.wav
2.027965569338422,2.3436593309859153,l,KS-S01-JA_aleke_44_1.wav
2.405610518292683,2.5794663553639845,l,KS-S01-JA_aleke_59_1.wav
2.40839138576779,2.7051472835153167,l,KS-S01-JA_aleme_20_1.wav
1.3463390131578947,1.6288410517068272,l,KS-S01-JA_aleme_263_2.wav
2.2533992346938776,2.455491545475531,l,KS-S01-JA_aleme_87_1.wav
2.2471855918418417,2.495209034974093,l,KS-S01-JA_aleme_88_2.wav
2.0037540733830848,2.1644590729041315,l,KS-S01-JA_aleme-a_195_1.wav
2.022581414473684,2.244992611967694,l,KS-S01-JA_aleme-a_196_2.wav
1.8952829272598868,2.2095355497542997,l,KS-S01-JA_aleme-n_262_1.wav
2.0175666372318157,2.2588883207070705,lh,KS-S01-JA_alhekere_151_1.wav
2.2188209005376343,2.3886730582094833,lh,KS-S01-JA_alhekere_152_2.wav
2.190636239711934,2.3733327866022096,lh,KS-S01-JA_alhekere_18_2.wav
1.7189568212365591,2.0161469726562498,lh,KS-S01-JA_alhekere_246_1.wav
2.024557425213675,2.2335414487447696,lh,KS-S01-JA_alhekere_247_2.wav
2.7284518107476634,2.8842662037037035,lh,KS-S01-JA_alhekere_56_1.wav
2.4520991597605892,2.762056701030928,lh,KS-S01-JA_alhekere_83_1.wav
2.724956597222222,2.947437013553408,lh,KS-S01-JA_alhekere_84_2.wav
2.10765807748538,2.2984392817982453,ly,KS-S01-JA_Alyeke_103_1.wav
1.958409806910569,2.285360513245033,ly,KS-S01-JA_Alyeke_104_2.wav
2.032057856425703,2.2689611645299146,ly,KS-S01-JA_Alyeke_254_1.wav
2.2543746260683757,2.4867541666666666,ly,KS-S01-JA_Alyeke_255_2.wav
2.1075175304878044,2.3735038841807907,ly,KS-S01-JA_Alyeke_30_1.wav
2.4071069791321924,2.6202676415281076,ly,KS-S01-JA_Alyeke-a_187_1.wav
2.2693253792356183,2.5909200204335465,ly,KS-S01-JA_Alyeke-a_188_2.wav
1.9595555357142855,2.095833878205128,ly,KS-S01-JA_alyepe_169_1.wav
2.220520833333333,2.37654483251634,ly,KS-S01-JA_alyepe_170_2.wav
2.0905278786307053,2.2408471024904215,ly,KS-S01-JA_alyepe_23_1.wav
1.6448208333333332,1.8064680147058823,ly,KS-S01-JA_alyepe_240_1.wav
2.502505094282238,2.6427424688365653,ly,KS-S01-JA_alyepe_241_2.wav
2.673694353070175,2.8465463581424935,ly,KS-S01-JA_alyepe_92_1.wav
2.090464583333333,2.282074519230769,ly,KS-S01-JA_alyepe_93_2.wav
1.9550763888888887,2.1080863095238094,n,KS-S01-JA_aname_12_1.wav
2.1515561128257885,2.3125876488095236,n,KS-S01-JA_aname_183_1.wav
2.100769540754258,2.264106108757062,n,KS-S01-JA_aname_184_2.wav
1.7599471497955008,1.9474985070575461,n,KS-S01-JA_aname_201_1.wav
2.109048044217687,2.25030312100894,n,KS-S01-JA_aname_202_2.wav
2.425316964285714,2.658137047746145,n,KS-S01-JA_aname_75_1.wav
2.360128741909385,2.5082134166666665,n,KS-S01-JA_aname-a_6_1.wav
2.4083363347457625,2.6572010888203015,n,KS-S01-JA_aname-n_76_2.wav
2.228224518935909,2.322249901645207,n,KS-S01-JA_anenganenye-w_129_1.wav
2.406322092326139,2.5381797935830046,n,KS-S01-JA_anenganenye-w_143_1.wav
2.3817077437106917,2.4988846625188534,n,KS-S01-JA_anenganenye-w_144_2.wav
1.9920812635722038,2.108173723958333,n,KS-S01-JA_anenganenye-w_260_1.wav
2.561697864452799,2.7740356104651163,n,KS-S01-JA_anenganenye-w_261_2.wav
1.9053384709653092,2.032967895197201,n,KS-S01-JA_anenganenye-w_45_1.wav
1.9657559256487023,2.1126541756854254,n,KS-S01-JA_anenganenye-w_52_1.wav
2.050246286231884,2.186243194127708,nh,KS-S01-JA_anhamernarte_116_1.wav
2.301393473493516,2.406626170578473,nh,KS-S01-JA_anhamernarte_117_2.wav
2.263513664874552,2.396329928614824,nh,KS-S01-JA_anhamernarte_145_1.wav
1.9638089209401708,2.1117829407123536,nh,KS-S01-JA_anhamernarte_146_2.wav
1.9204907945736431,2.0939603272212284,nh,KS-S01-JA_anhamernarte_219_1.wav
2.002151133040935,2.148503739618724,nh,KS-S01-JA_anhamernarte_220_2.wav
1.8767248858447487,2.084157891651032,nh,KS-S01-JA_anhamernarte_37_1.wav
2.3765502925023876,2.519968903186274,nh,KS-S01-JA_anhamernarte_53_1.wav
1.8542652960526314,2.0445008839434275,nh,KS-S01-JA_anhaperte_125_1.wav
2.017301533772981,2.1859582136015323,nh,KS-S01-JA_anhaperte_126_2.wav
2.144802463377556,2.31672952452801,nh,KS-S01-JA_anhaperte_155_1.wav
2.065021577380952,2.2470238521762207,nh,KS-S01-JA_anhaperte_156_2.wav
1.8966702164804468,2.073723958333333,nh,KS-S01-JA_anhaperte_209_1.wav
2.0213427511415523,2.1728099798387093,nh,KS-S01-JA_anhaperte_210_2.wav
2.018628522182254,2.2187411191239312,nh,KS-S01-JA_anhaperte_43_1.wav
2.6880250686813185,2.837906521886895,nh,KS-S01-JA_anhaperte_58_1.wav
2.176367034313725,2.329339935446009,ny,KS-S01-JA_anyamernarte_179_1.wav
1.8956295030381942,1.9752378246753246,ny,KS-S01-JA_anyamernarte_180_2.wav
2.0779768249354005,2.1835278380893297,ny,KS-S01-JA_anyamernarte_213_1.wav
2.5370141865079363,2.6338947670603674,ny,KS-S01-JA_anyamernarte_68_1.wav
1.8698915020045819,1.9775534722222219,ny,KS-S01-JA_anyamernarte_69_2.wav
2.6418602976190475,2.727175024224806,ny,KS-S01-JA_anyamernarte-n_214_2.wav
1.5005163690476189,1.555660451680672,ny,KS-S01-JA_anyamernarte-t_9_1.wav
1.8838691123188405,2.0476306904113732,ny,KS-S01-JA_anyamernarte-ta_3_1.wav
1.9395908282520322,2.1211133207070705,ny,KS-S01-JA_anyaperte_171_1.wav
1.9043415697674417,2.032614007296467,ny,KS-S01-JA_anyaperte_172_2.wav
1.8592378472222222,2.0277427662037035,ny,KS-S01-JA_anyaperte_212_2.wav
1.9765341355032315,2.1259308818922302,ny,KS-S01-JA_anyaperte_26_1.wav
2.2948306547619044,2.454926462285456,ny,KS-S01-JA_anyaperte_95_1.wav
1.9255889790076333,2.1160965277777777,ny,KS-S01-JA_anyaperte_96_2.wav
1.7512715643274852,1.8692223214285713,ny,KS-S01-JA_anyaperte-c_211_1.wav
2.1962518696581195,2.3277775,rl,KS-S01-JA_arlemenye_165_1.wav
2.269434692028985,2.404845195244328,rl,KS-S01-JA_arlemenye_166_2.wav
2.232814939164371,2.3599121986373164,rl,KS-S01-JA_arlemenye_29_1.wav
2.752475124868559,2.9340682712362534,rl,KS-S01-JA_arlemenye_63_1.wav
1.7005934684684685,1.8401632575757574,rl,KS-S01-JA_arlemenye-w_101_1.wav
1.7900427215189871,1.9119751905888536,rl,KS-S01-JA_arlemenye-w_102_2.wav
1.8971920186453577,2.002426994680851,rl,KS-S01-JA_arlemenye-w_266_1.wav
1.822128935185185,1.9602425545302011,rl,KS-S01-JA_arlemenye-w_267_2.wav
2.300475852272727,2.584733681740614,rl,KS-S01-JA_arlepe_173_1.wav
2.4395870867071525,2.750053902838428,rl,KS-S01-JA_arlepe_174_2.wav
1.8903430591875006,2.0916565424465237,rl,KS-S01-JA_arlepe_207_1.wav
1.8464417950236964,2.037557081733845,rl,KS-S01-JA_arlepe_208_2.wav
2.7269990131578945,2.967805333333333,rl,KS-S01-JA_arlepe_21_1.wav
2.276347470238095,2.4938948829075422,rl,KS-S01-JA_arlepe_89_1.wav
2.4014852488814316,2.673424604539202,rn,KS-S01-JA_arnenge_200_2.wav
1.9977286153667593,2.2743886711587824,rn,KS-S01-JA_arnenge_22_1.wav
2.0787810447454844,2.2938172887045813,rn,KS-S01-JA_arnenge_47_1.wav
3.7308079328653707,3.986308423913043,rn,KS-S01-JA_arnenge-n_199_1.wav
2.5695339340490797,2.808601239106754,rn,KS-S01-JA_arnenge-t_132_1.wav
2.4975285326086953,2.6499017327400214,rn,KS-S01-JA_arnenge-t_133_2.wav
3.314050381455399,3.5992774884259258,rn,KS-S01-JA_arnenge-t_90_1.wav
2.765886710662526,3.084405295593368,rn,KS-S01-JA_arnenge-t_91_2.wav
3.326397058823529,3.5216997657790925,rt,KS-S01-JA_artenganenye-a_5_1.wav
2.2484741987179486,2.4002542285478543,rt,KS-S01-JA_artenganenye-w_11_1.wav
2.4687104166666662,2.661731707317073,rt,KS-S01-JA_artenganenye-w_149_1.wav
2.285802083333333,2.4549879924242424,rt,KS-S01-JA_artenganenye-w_150_2.wav
1.6548538901179939,1.8624174679487178,rt,KS-S01-JA_artenganenye-w_256_1.wav
2.2298691123188403,2.380314393939394,rt,KS-S01-JA_artenganenye-w_257_2.wav
2.3602893668831166,2.546538014069264,rt,KS-S01-JA_artenganenye-w_55_1.wav
3.4369368872549018,3.5442353174603176,rt,KS-S01-JA_artenganenye-wn_71_1.wav
2.1545269982993194,2.4488676193467334,rt,KS-S01-JA_artepe_100_2.wav
2.1155993589743587,2.351010983263598,rt,KS-S01-JA_artepe_147_1.wav
2.3844820645363405,2.6013542977855475,rt,KS-S01-JA_artepe_148_2.wav
2.157381460970464,2.372543966450216,rt,KS-S01-JA_artepe_205_1.wav
1.7440954166666665,1.928653003246753,rt,KS-S01-JA_artepe_206_2.wav
2.3191852678571427,2.5396674952651512,rt,KS-S01-JA_artepe_28_2.wav
2.4252264254385962,2.585396368577075,rt,KS-S01-JA_artepe_54_1.wav
2.052182150900901,2.2477609146746347,rt,KS-S01-JA_artepe_99_1.wav
2.1013337191358024,2.2622493872549017,t,KS-S01-JA_atake_10_1.wav
2.3068174818840577,2.438042992424242,t,KS-S01-JA_atake_161_1.wav
2.3964290383675464,2.5508921799516906,t,KS-S01-JA_atake_162_2.wav
2.045049421296296,2.2261223958333334,t,KS-S01-JA_atake_236_1.wav
2.153994362745098,2.407913329288026,t,KS-S01-JA_atake_237_2.wav
2.20703387345679,2.3320553138185653,t,KS-S01-JA_atake_61_1.wav
2.3117067964480875,2.467659722222222,t,KS-S01-JA_atake_70_1.wav
2.1073562499999996,2.230317347359736,t,KS-S01-JA_atake-a_4_1.wav
2.0210450721153843,2.2647363636363633,t,KS-S01-JA_ateke_181_1.wav
2.1684416799363055,2.463515224358974,t,KS-S01-JA_ateke_182_2.wav
1.4223696603641456,1.6319647817460314,t,KS-S01-JA_ateke_259_2.wav
2.555564875730994,2.7482586511299436,t,KS-S01-JA_ateke_79_1.wav
3.065046741452991,3.2348811063218386,t,KS-S01-JA_ateke_80_2.wav
2.7580752314814814,2.99353730500821,t,KS-S01-JA_ateke-n_15_1.wav
1.3327633928571427,1.5277695776255706,t,KS-S01-JA_ateke-n_258_1.wav
1.7094921875,1.8861987499999997,t,KS-S01-JA_atenganenye-a_1_1.wav
1.7597153159340657,1.9376305926632738,t,KS-S01-JA_atenganenye-w_221_1.wav
1.8370510587431692,2.0529765988372093,t,KS-S01-JA_atenganenye-w_222_2.wav
2.5988781415343913,2.7655841049382714,t,KS-S01-JA_atenganenye-w_66_1.wav
2.374659186857562,2.5043910984848483,t,KS-S01-JA_atenganenye-w_67_2.wav
2.109704004329004,2.2686393849206348,t,KS-S01-JA_atenganenye-w_8_1.wav
1.7371485719850202,1.8822553744527828,t,KS-S01-JA_atenganenye-wa_191_1.wav
2.4200254166666664,2.5437108231707315,t,KS-S01-JA_atenganenye-wna_192_2.wav
1.8156532069288387,2.204978685897436,th,KS-S01-JA_athenganenye-w_177_1.wav
2.156580012077294,2.4468912535919536,th,KS-S01-JA_athenganenye-w_178_2.wav
2.5013843390804595,2.84323414418754,th,KS-S01-JA_athenganenye-w_19_1.wav
1.8145465277777775,2.022943425324675,th,KS-S01-JA_athenganenye-w_215_1.wav
2.0884346064814814,2.3553158854166667,th,KS-S01-JA_athenganenye-w_216_2.wav
2.511332614942529,2.748276272123894,th,KS-S01-JA_athenganenye-w_85_1.wav
2.0148079166666664,2.3865833333333333,th,KS-S01-JA_athenganenye-w_86_2.wav
2.513268353174603,2.8157813421828903,th,KS-S01-JA_athenge_105_1.wav
1.95859551056338,2.3029604828042327,th,KS-S01-JA_athenge_106_2.wav
2.529765243902439,2.7732698675496685,th,KS-S01-JA_athenge_142_1.wav
1.8510166666666665,2.1755801069321534,th,KS-S01-JA_athenge_225_1.wav
2.045053270042194,2.3699037990196077,th,KS-S01-JA_athenge_226_2.wav
1.8887632151741292,2.1691073833771353,th,KS-S01-JA_athenge_31_1.wav
2.1750243055555556,2.403889441434468,th,KS-S01-JA_athenge_51_1.wav
3.300770833333333,3.732833106884058,th,KS-S01-JA_athepe_139_2.wav
1.986546875,2.222766307471264,th,KS-S01-JA_athepe_238_1.wav
2.449322115384615,2.700298917844523,th,KS-S01-JA_athepe_239_2.wav
2.1897734375,2.428233562138728,th,KS-S01-JA_athepe_36_1.wav
1.779535218253968,1.9779179687499997,th,KS-S01-JA_athepe_49_1.wav
3.1963065025252524,3.4322087687566984,th,KS-S01-JA_athepe-n_138_1.wav
2.393951433982684,2.5800314360119043,ty,KS-S01-JA_atyemeye_140_1.wav
2.068135821197411,2.3457499401340995,ty,KS-S01-JA_atyemeye_141_2.wav
2.0082446120689657,2.1940016549844237,ty,KS-S01-JA_atyemeye_16_1.wav
2.104580981182796,2.3708298455056176,ty,KS-S01-JA_atyemeye_231_1.wav
1.9993252751572324,2.3641312692901235,ty,KS-S01-JA_atyemeye_232_2.wav
2.3135042109929076,2.490351136363636,ty,KS-S01-JA_atyemeye_81_1.wav
1.71556891025641,1.9235523277126099,ty,KS-S01-JA_atyepe_217_1.wav
1.9986665064102562,2.258740411931818,ty,KS-S01-JA_atyepe_218_2.wav
1.9913826388888887,2.2536546910430837,ty,KS-S01-JA_atyepe_97_1.wav
1.7270868055555555,1.9678362713675213,ty,KS-S01-JA_atyepe_98_2.wav
3.0425729166666664,3.30267652027027,ty,KS-S01-JA_atyepe-a_197_1.wav
3.134172619047619,3.460458455882353,ty,KS-S01-JA_atyepe-a_198_2.wav
5.412733662280702,5.578870020964361,ty,KS-S01-JA_atyepe-n_27_1.wav
1.6064686666666665,1.9382993871665462,l,KS-S02-AN_aleke_107_1.wav
1.839672247615262,2.1780347559046813,l,KS-S02-AN_aleke_108_2.wav
1.7932668620584653,2.0120567556717233,l,KS-S02-AN_aleke_193_1.wav
1.7585475378787878,1.9446310070497694,l,KS-S02-AN_aleke_194_2.wav
1.8934714237967913,2.0937949865680734,l,KS-S02-AN_aleke_73_1.wav
1.9135061649659864,2.1880490180798002,l,KS-S02-AN_aleke_74_2.wav
1.7081002178649236,1.9597612785154919,l,KS-S02-AN_aleke-c_226_1.wav
1.5982299528301884,1.8088728733140653,l,KS-S02-AN_aleke-c_227_2.wav
1.899627519541818,2.08064128769769,l,KS-S02-AN_aleme_145_1.wav
1.9004784226190474,2.0455515601217655,l,KS-S02-AN_aleme_146_2.wav
1.3765498722484275,1.5704404517954722,l,KS-S02-AN_aleme_211_1.wav
2.010395624303233,2.1369857656163624,l,KS-S02-AN_aleme_212_2.wav
2.128332189306358,2.3166160631383472,l,KS-S02-AN_aleme-c_240_1.wav
1.8231031879194628,2.013481488198878,l,KS-S02-AN_aleme-c_241_2.wav
2.2261104849726774,2.4840975673735364,l,KS-S02-AN_aleme-c_25_1.wav
1.8373241921768706,2.0415393529365824,l,KS-S02-AN_aleme-c_26_2.wav
1.6926138805767137,1.939359992937853,lh,KS-S02-AN_alhekere_195_1.wav
1.6268797136871507,1.8191337141382307,lh,KS-S02-AN_alhekere_196_2.wav
1.8929192876344083,2.171374230112793,lh,KS-S02-AN_alhekere_21_1.wav
1.463654588386194,1.719815735905211,lh,KS-S02-AN_alhekere_228_1.wav
1.8687916999467518,2.0822632712012203,lh,KS-S02-AN_alhekere-c_101_1.wav
1.7569275120027434,1.9331462951559932,lh,KS-S02-AN_alhekere-c_102_2.wav
2.018737307422969,2.173661201298701,lh,KS-S02-AN_alhekere-c_22_2.wav
1.537557819264069,1.7564346726190474,lh,KS-S02-AN_alhekere-c_229_2.wav
1.7068089717741934,1.9359471588491808,ly,KS-S02-AN_Alyeke-c_46_1.wav
2.1139979460093894,2.319539457896002,ly,KS-S02-AN_Alyeke-ct_230_1.wav
1.83771493902439,2.0056835109819118,ly,KS-S02-AN_Alyeke-ct_231_2.wav
1.6855791029839882,1.8972360355313698,ly,KS-S02-AN_Alyeke-ctn_47_2.wav
2.2953309403153153,2.3993884924242423,ly,KS-S02-AN_Alyeke-t_203_1.wav
1.7488832577720206,1.952679248521335,ly,KS-S02-AN_Alyeke-t_204_2.wav
1.4262873317805382,1.7442298773554255,ly,KS-S02-AN_alyepe_189_1.wav
1.3988585379464284,1.7006151654055102,ly,KS-S02-AN_alyepe_190_2.wav
1.8726780024509804,2.1550635140117995,ly,KS-S02-AN_alyepe_31_1.wav
1.5878803779069766,1.8479773040838852,ly,KS-S02-AN_alyepe_32_2.wav
1.8972230805243444,2.117830573361823,ly,KS-S02-AN_alyepe-c_119_1.wav
1.3120979893410851,1.5447302798982188,ly,KS-S02-AN_alyepe-c_120_2.wav
1.881079876373626,2.081153436302682,ly,KS-S02-AN_alyepe-c_242_1.wav
1.554565486111111,1.8855022724884403,ly,KS-S02-AN_alyepe-c_243_2.wav
1.6698589166666666,1.9107373955847253,n,KS-S02-AN_aname_12_1.wav
1.999293234223301,2.203485796488355,n,KS-S02-AN_aname_13_2.wav
1.2801498620789777,1.4775039560770156,n,KS-S02-AN_aname-ct_133_1.wav
1.6702468011811022,1.8322609651590158,n,KS-S02-AN_aname-ct_134_2.wav
1.931048253506829,2.170542286602403,n,KS-S02-AN_aname-n_151_1.wav
1.892161994849445,2.107550741448326,n,KS-S02-AN_aname-n_152_2.wav
1.1826302406832296,1.421186087307501,n,KS-S02-AN_aname-t_270_1.wav
1.4501453804347824,1.6177044907407405,n,KS-S02-AN_aname-t_271_2.wav
1.4321635373799724,1.5942285667539264,n,KS-S02-AN_anenganenye-c_209_1.wav
2.262361970572057,2.3359388385668276,n,KS-S02-AN_anenganenye-c_250_1.wav
1.4067650741185895,1.5174353953537936,n,KS-S02-AN_anenganenye-c_251_2.wav
1.9273264000535903,2.0865812237945494,n,KS-S02-AN_anenganenye-c_75_1.wav
1.9411111931321083,2.085375636715566,n,KS-S02-AN_anenganenye-c_76_2.wav
1.6131060576923075,1.7509866168294004,n,KS-S02-AN_anenganenye-cn_210_2.wav
1.510320439316723,1.6259069034922626,n,KS-S02-AN_anenganenye-w_93_1.wav
2.1260746555118106,2.304726144026975,nh,KS-S02-AN_anhamernarte_167_1.wav
1.4760339856902356,1.6316598155058042,nh,KS-S02-AN_anhamernarte-c_95_1.wav
1.3253520833333332,1.4759511708779989,nh,KS-S02-AN_anhamernarte-c_96_2.wav
1.5967246718036527,1.7022157488833054,nh,KS-S02-AN_anhamernarte-cn_61_1.wav
1.5369827598722414,1.6726882570251935,nh,KS-S02-AN_anhamernarte-cn_62_2.wav
1.633148523462783,1.821989983013589,nh,KS-S02-AN_anhamernarte-ct_236_1.wav
1.4386696047008545,1.62824871171967,nh,KS-S02-AN_anhamernarte-ct_237_2.wav
1.8033688725490193,1.9473632949360382,nh,KS-S02-AN_anhamernarte-t_168_2.wav
1.4807782530935807,1.6862990838762213,nh,KS-S02-AN_anhaperte_157_1.wav
1.949530592105263,2.075469678874734,ny,KS-S02-AN_anyamernarte-c_3_1.wav
2.1470981795171338,2.338755892857143,ny,KS-S02-AN_anyamernarte-c_4_2.wav
1.6171481854838707,1.7493347145488027,ny,KS-S02-AN_anyamernarte-cn_129_1.wav
1.6191271046462061,1.7063223226408688,ny,KS-S02-AN_anyamernarte-cn_130_2.wav
1.5625257352941175,1.7461395359174963,ny,KS-S02-AN_anyamernarte-ct_222_1.wav
1.627666325136612,1.8185888427908634,ny,KS-S02-AN_anyamernarte-ct_223_2.wav
1.7142981418918917,1.973873376828038,ny,KS-S02-AN_anyamernarte-t_161_1.wav
1.1251794048772608,1.2972866194158075,ny,KS-S02-AN_anyamernarte-t_162_2.wav
1.4724739166666665,1.6646301867816091,ny,KS-S02-AN_anyaperte_122_2.wav
1.2057754303599373,1.3944855939716312,ny,KS-S02-AN_anyaperte_284_1.wav
1.576299533294842,1.7158473254504503,ny,KS-S02-AN_anyaperte-c_121_1.wav
1.4407545705782312,1.594606408227848,ny,KS-S02-AN_anyaperte-c_38_1.wav
1.3551799886621314,1.4779889737521512,ny,KS-S02-AN_anyaperte-c_39_2.wav
1.41984681372549,1.5720435216894975,ny,KS-S02-AN_anyaperte-ct_285_2.wav
1.5240841012286324,1.671204272938723,ny,KS-S02-AN_anyaperte-t_159_1.wav
1.30990226910828,1.4950055474175346,ny,KS-S02-AN_anyaperte-t_160_2.wav
1.3592212803643724,1.4474812840209137,rl,KS-S02-AN_arlemenye_216_2.wav
1.8938666227798429,1.933856323421439,rl,KS-S02-AN_arlemenye-c_115_1.wav
1.8949330848138746,2.0062520880343486,rl,KS-S02-AN_arlemenye-c_116_2.wav
1.6009040150063856,1.7242188921531463,rl,KS-S02-AN_arlemenye-c_215_1.wav
1.6475468095451824,1.8228226290269558,rl,KS-S02-AN_arlemenye-c_238_1.wav
1.7975383173549655,1.8796701360647958,rl,KS-S02-AN_arlemenye-c_239_2.wav
1.8352966323178015,1.9986620897821723,rl,KS-S02-AN_arlemenye-c_44_1.wav
1.7337703101217654,1.8281731947878037,rl,KS-S02-AN_arlemenye-c_45_2.wav
1.6605136858974356,1.8850389729860741,rl,KS-S02-AN_arlepe_123_1.wav
1.870405571880651,2.0637199644992528,rl,KS-S02-AN_arlepe_124_2.wav
1.5358748341295114,1.7001931617647057,rl,KS-S02-AN_arlepe_155_1.wav
1.795667805330634,1.9600374496475326,rl,KS-S02-AN_arlepe_156_2.wav
1.559155840355805,1.7465107435805989,rl,KS-S02-AN_arlepe_27_1.wav
1.5182013346354166,1.7421285138888887,rl,KS-S02-AN_arlepe_28_2.wav
1.9256452690972221,2.0788792332572297,rl,KS-S02-AN_arlepe-c_220_1.wav
1.7997362231182794,1.9365897368049674,rl,KS-S02-AN_arlepe-c_221_2.wav
2.0644276871980676,2.386209476879574,rn,KS-S02-AN_arnenge-ct_30_1.wav
2.4817575757575754,2.680745589339339,rt,KS-S02-AN_artenganenye_8_2.wav
1.6989667572463767,1.8196434132349928,rt,KS-S02-AN_artenganenye-c_100_1.wav
1.8739487028301887,2.051342518939394,rt,KS-S02-AN_artenganenye-c_205_1.wav
1.6204456845238093,1.8158800087108011,rt,KS-S02-AN_artenganenye-c_206_2.wav
1.8629613846801345,1.9708897750091272,rt,KS-S02-AN_artenganenye-c_260_1.wav
2.2087914186507933,2.388843508278946,rt,KS-S02-AN_artenganenye-c_261_2.wav
1.732636574074074,1.8748719043745479,rt,KS-S02-AN_artenganenye-c_7_1.wav
1.6797133366177353,1.808749225111313,rt,KS-S02-AN_artepe_276_1.wav
1.2169015812696218,1.3497393274593374,rt,KS-S02-AN_artepe_277_2.wav
1.8378394849081363,1.9936811075781662,rt,KS-S02-AN_artepe_97_1.wav
1.3632186812431242,1.4989632113821139,rt,KS-S02-AN_artepe_98_2.wav
2.2597113753687315,2.412652129120879,rt,KS-S02-AN_artepe-c_42_1.wav
1.9076122967479672,2.048752108636977,rt,KS-S02-AN_artepe-c_43_2.wav
2.052695399888143,2.3078013263081396,t,KS-S02-AN_atake_18_2.wav
1.1141583275623268,1.2775890721368812,t,KS-S02-AN_atake_278_1.wav
1.1685262499999998,1.4197975770637405,t,KS-S02-AN_atake_279_2.wav
1.4193614466292135,1.6800457135172142,t,KS-S02-AN_atake-c_185_1.wav
1.2990008680555554,1.4723364143192486,t,KS-S02-AN_atake-c_186_2.wav
1.9243167942176869,2.15985792775929,t,KS-S02-AN_atake-ct_5_1.wav
1.9120119047619046,2.1151772839753877,t,KS-S02-AN_atake-ct_6_2.wav
1.5206842708333332,1.676986287746806,t,KS-S02-AN_atake-t_111_1.wav
1.753539299242424,1.891105329457364,t,KS-S02-AN_atake-t_112_2.wav
2.005976888020833,2.178726011904762,t,KS-S02-AN_ateke_131_1.wav
1.6884944042699723,1.8574791215728714,t,KS-S02-AN_ateke_132_2.wav
1.6451919542648707,1.8756641158536584,t,KS-S02-AN_ateke_17_1.wav
1.880816512978142,2.109382499313564,t,KS-S02-AN_ateke-c_207_1.wav
1.4870260006561677,1.6832560987140694,t,KS-S02-AN_ateke-c_208_2.wav
1.6009019171415002,1.8168584616903631,t,KS-S02-AN_ateke-c_244_1.wav
1.3461702302631577,1.5605358327077077,t,KS-S02-AN_ateke-c_245_2.wav
1.6507869664634145,1.876551781400966,t,KS-S02-AN_atenganenye_1_1.wav
1.876551781400966,1.9348660156249997,t,KS-S02-AN_atenganenye_1_1.wav
2.143330853174603,2.4344568652678804,t,KS-S02-AN_atenganenye_169_1.wav
2.122556402439024,2.295291620778267,t,KS-S02-AN_atenganenye-c_170_2.wav
1.4437675561797751,1.630810128801299,t,KS-S02-AN_atenganenye-c_234_1.wav
1.640375548245614,1.8394287317154254,t,KS-S02-AN_atenganenye-c_235_2.wav
1.5636760094501716,1.765613136574074,t,KS-S02-AN_atenganenye-cn_141_1.wav
1.9221224856321837,2.1034597765472824,t,KS-S02-AN_atenganenye-cn_142_2.wav
1.872463408119658,2.084470518092105,th,KS-S02-AN_athenganenye_163_1.wav
1.3734553271812078,1.5773223731884056,th,KS-S02-AN_athenganenye_164_2.wav
2.0122349537037034,2.194130380166856,th,KS-S02-AN_athenganenye-c_127_1.wav
1.5645548007246377,1.7234416551776959,th,KS-S02-AN_athenganenye-c_128_2.wav
1.6918425245098039,1.927220807087731,th,KS-S02-AN_athenganenye-c_23_1.wav
2.1753394995210726,2.442934854118993,th,KS-S02-AN_athenganenye-c_24_2.wav
1.6225264265188832,1.833481640370852,th,KS-S02-AN_athenganenye-c_266_1.wav
2.3112643952546295,2.5269816328642385,th,KS-S02-AN_athenganenye-c_267_2.wav
1.2290530051622417,1.4993558002376102,th,KS-S02-AN_athenge_268_1.wav
1.705223593604108,1.9408023250049573,th,KS-S02-AN_athenge_269_2.wav
1.6230634469696967,1.8510747675619832,th,KS-S02-AN_athenge_91_1.wav
1.6842281586021504,1.8700105623543122,th,KS-S02-AN_athenge_92_2.wav
1.6406842849794236,1.8664781454248365,th,KS-S02-AN_athenge-c_48_1.wav
1.714907939189189,1.9228128805175038,th,KS-S02-AN_athenge-c_49_2.wav
1.1095569852941176,1.2788006790016213,ty,KS-S02-AN_atyemeye_180_2.wav
1.487004392570281,1.6876007588044484,ty,KS-S02-AN_atyemeye_89_1.wav
1.9798158143939393,2.1194046505118362,ty,KS-S02-AN_atyemeye_90_2.wav
2.4790534274193545,2.750219966042584,ty,KS-S02-AN_atyemeye-c_19_1.wav
1.8123283179012344,2.0155652440668823,ty,KS-S02-AN_atyemeye-c_20_2.wav
1.249291257022472,1.4915025220413698,ty,KS-S02-AN_atyemeye-c_246_1.wav
1.8030128374413144,2.043767264131338,ty,KS-S02-AN_atyemeye-c_247_2.wav
1.3201310028248587,1.4754973644578313,l,KS-S03-LN_aleke_112_1.wav
1.7264162593109869,1.8338505329457362,l,KS-S03-LN_aleke_113_2.wav
1.5492933289007091,1.6980920047993018,l,KS-S03-LN_aleke_200_1.wav
1.6189640277777777,1.7831495370370367,l,KS-S03-LN_aleke_201_2.wav
1.2391114969135801,1.3347698600066267,l,KS-S03-LN_aleke_76_1.wav
1.4617890759930914,1.606245829380139,l,KS-S03-LN_aleke_77_2.wav
1.2652932556497174,1.4208946759259258,l,KS-S03-LN_aleme_151_1.wav
1.7300042183195592,1.8349461245519711,l,KS-S03-LN_aleme_152_2.wav
1.8835718042071197,2.0113848536036034,l,KS-S03-LN_aleme_218_1.wav
1.8171052472337481,1.939353973765432,l,KS-S03-LN_aleme_23_1.wav
1.7509318055555554,1.859565204031465,l,KS-S03-LN_aleme_24_2.wav
1.8568553442028986,1.9362080479452053,l,KS-S03-LN_aleme-n_219_2.wav
1.788818014705882,1.983263440860215,lh,KS-S03-LN_alhekere_101_1.wav
1.6368993844696968,1.7649436233108107,lh,KS-S03-LN_alhekere_102_2.wav
1.8876830243979719,2.00420190701559,lh,KS-S03-LN_alhekere_19_1.wav
1.8104581925675673,1.947962521477663,lh,KS-S03-LN_alhekere_20_2.wav
1.5777347756410256,1.7143379629629627,lh,KS-S03-LN_alhekere_202_1.wav
1.4328673007246375,1.573179911387632,lh,KS-S03-LN_alhekere_203_2.wav
1.7257261029411761,1.8433776631607335,ly,KS-S03-LN_Alyeke_210_1.wav
1.1868738690476188,1.3206302561162078,ly,KS-S03-LN_Alyeke_211_2.wav
1.3206302561162078,1.3955980362838913,ly,KS-S03-LN_Alyeke_211_2.wav
1.6756322387005649,1.7645715969079938,ly,KS-S03-LN_Alyeke_43_1.wav
1.800953009259259,1.8979519290123454,ly,KS-S03-LN_Alyeke_44_2.wav
1.8979519290123454,1.9942098577235772,ly,KS-S03-LN_Alyeke_44_2.wav
1.4268965669014082,1.523180871212121,ly,KS-S03-LN_alyepe_125_2.wav
1.523180871212121,1.6104672619047617,ly,KS-S03-LN_alyepe_125_2.wav
1.6829747807017543,1.8085499824929971,ly,KS-S03-LN_alyepe_196_1.wav
1.584898159385113,1.6985595908408406,ly,KS-S03-LN_alyepe_197_2.wav
1.7911982909181634,1.9018784576514196,ly,KS-S03-LN_alyepe_31_1.wav
1.5354492278554777,1.6556790636882128,ly,KS-S03-LN_alyepe_32_2.wav
1.7964563327814567,1.9366029554263564,n,KS-S03-LN_aname_11_1.wav
1.8321105429292928,1.9753946817420434,n,KS-S03-LN_aname_12_1.wav
1.305477759009009,1.4387012998575497,n,KS-S03-LN_aname_139_2.wav
2.1338033297720798,2.2713190823108382,n,KS-S03-LN_aname_140_3.wav
1.3208357499999999,1.4979005482456138,n,KS-S03-LN_aname_157_1.wav
2.102271550269905,2.276805230034722,n,KS-S03-LN_aname_158_2.wav
1.5017881944444442,1.5940926388888887,n,KS-S03-LN_anenganenye_216_1.wav
2.7456482954545454,2.8293223510558065,n,KS-S03-LN_anenganenye_79_2.wav
2.160610416666666,2.249663134057971,n,KS-S03-LN_anenganenye_94_2.wav
2.1499423449612403,2.233144864341085,n,KS-S03-LN_anenganenye-n_78_1.wav
1.386829356060606,1.5259330280634102,nh,KS-S03-LN_anhamernarte_174_1.wav
1.258310963114754,1.4016552083333331,nh,KS-S03-LN_anhamernarte_175_2.wav
1.5693730292792791,1.7017400938735174,nh,KS-S03-LN_anhamernarte_61_1.wav
1.5992383928571428,1.7343992486338797,nh,KS-S03-LN_anhamernarte_62_2.wav
1.7462462205014746,1.8886083433977454,nh,KS-S03-LN_anhamernarte_63_3.wav
1.5402994492337163,1.6839157904984423,nh,KS-S03-LN_anhamernarte_95_1.wav
2.0656292109929075,2.2278682208994707,nh,KS-S03-LN_anhamernarte_96_2.wav
1.4303244989451473,1.6278486283287419,nh,KS-S03-LN_anhaperte_109_3.wav
1.4581984508547008,1.6575955043859647,nh,KS-S03-LN_anhaperte_111_5.wav
1.4447140019379843,1.687368119266055,nh,KS-S03-LN_anhaperte_166_1.wav
1.8078369341563785,1.985012937898089,nh,KS-S03-LN_anhaperte-n_105_1.wav
1.4644249824929971,1.7178447293447292,nh,KS-S03-LN_anhaperte-t_74_1.wav
2.157993856837607,2.3179841249999997,nh,KS-S03-LN_anhaperte-t_75_2.wav
1.5702530531609193,1.6646543080884835,ny,KS-S03-LN_anyamernarte_134_1.wav
1.785490062260536,1.8917660921926909,ny,KS-S03-LN_anyamernarte_135_2.wav
1.403227388211382,1.5559274691358023,ny,KS-S03-LN_anyamernarte_169_1.wav
1.2092779605263158,1.3201027243589742,ny,KS-S03-LN_anyamernarte_170_2.wav
1.9405683262711864,2.104993213383838,ny,KS-S03-LN_anyamernarte-t_3_1.wav
1.8915830518018018,2.0241858031674207,ny,KS-S03-LN_anyamernarte-t_4_2.wav
1.2296655794051627,1.3723146619496855,ny,KS-S03-LN_anyaperte_126_1.wav
1.6516151580459768,1.800063083333333,ny,KS-S03-LN_anyaperte_127_2.wav
1.5494759778911564,1.6475015624999998,ny,KS-S03-LN_anyaperte_167_1.wav
1.0220761612021856,1.1783784722222221,ny,KS-S03-LN_anyaperte_168_2.wav
1.7135956439393938,1.8490697804659495,ny,KS-S03-LN_anyaperte_35_1.wav
1.7685470290927021,1.9157759654471542,ny,KS-S03-LN_anyaperte_36_2.wav
1.5375161506116206,1.6120262896825395,rl,KS-S03-LN_arlemenye_120_1.wav
1.735658577746741,1.8513822194719471,rl,KS-S03-LN_arlemenye_121_2.wav
1.3851845619658119,1.4457011217948716,rl,KS-S03-LN_arlemenye_222_1.wav
1.5305065277777776,1.6135086936090224,rl,KS-S03-LN_arlemenye_223_2.wav
1.8918079166666664,1.9627161281179137,rl,KS-S03-LN_arlemenye_41_1.wav
1.6939018837325348,1.7490081635802468,rl,KS-S03-LN_arlemenye_42_2.wav
1.6365600293803417,1.7037069683908046,rl,KS-S03-LN_arlepe_129_1.wav
1.647259588852097,1.7452641704204204,rl,KS-S03-LN_arlepe_163_1.wav
1.8583730053191487,1.949169996803069,rl,KS-S03-LN_arlepe_164_2.wav
1.6046560889175256,1.6889245998896245,rl,KS-S03-LN_arlepe_25_1.wav
1.9023416854354351,1.9887021683673467,rl,KS-S03-LN_arlepe_26_2.wav
1.8513125655136267,1.9721180899339932,rn,KS-S03-LN_arnenge_155_1.wav
2.2473437499999998,2.3606096931939975,rn,KS-S03-LN_arnenge_156_2.wav
1.6756580703883495,1.7602721537558683,rn,KS-S03-LN_arnenge_27_1.wav
1.8823544138418076,2.007692297717842,rn,KS-S03-LN_arnenge_28_2.wav
1.3549246134020616,1.5022581576305218,rn,KS-S03-LN_arnenge_82_1.wav
1.8904677083333332,2.025490313573883,rn,KS-S03-LN_arnenge_83_2.wav
1.9367879166666666,2.0601752976190473,rt,KS-S03-LN_artenganenye_100_2.wav
1.7410958333333333,1.854337019230769,rt,KS-S03-LN_artenganenye_213_2.wav
1.9405263480392154,2.053349984015345,rt,KS-S03-LN_artenganenye_7_1.wav
1.966025,2.105912932389937,rt,KS-S03-LN_artenganenye_8_2.wav
1.823336993243243,1.9415488327423165,rt,KS-S03-LN_artenganenye_99_1.wav
1.450896286231884,1.5797984457671956,rt,KS-S03-LN_artepe_161_1.wav
1.6343300304878046,1.7649610690235689,rt,KS-S03-LN_artepe_162_2.wav
1.4254593253968253,1.599202625570776,rt,KS-S03-LN_artepe_39_1.wav
1.9138718055555555,2.040911220389171,rt,KS-S03-LN_artepe_40_2.wav
1.548777644230769,1.6957763157894734,rt,KS-S03-LN_artepe_97_1.wav
1.9952579656862743,2.113844646057348,rt,KS-S03-LN_artepe_98_2.wav
1.4562543402777777,1.6622058189655171,t,KS-S03-LN_atake_116_1.wav
1.8198081018518517,2.0359456018518514,t,KS-S03-LN_atake_117_2.wav
1.4873118310397553,1.6289477486559139,t,KS-S03-LN_atake_192_1.wav
1.6764679487179486,1.82844068877551,t,KS-S03-LN_atake_193_2.wav
1.904375,2.117376845238095,t,KS-S03-LN_atake_5_1.wav
1.9074762286324785,2.0926487145390067,t,KS-S03-LN_atake_6_2.wav
1.6950692401960783,1.9143889377934271,t,KS-S03-LN_ateke_136_1.wav
2.397543545081967,2.5896680627147766,t,KS-S03-LN_ateke_137_2.wav
1.9088820075757573,2.1478186728395063,t,KS-S03-LN_ateke_15_1.wav
1.8182440232240435,2.0295740004816953,t,KS-S03-LN_ateke_16_2.wav
1.610603869047619,1.8346958333333332,t,KS-S03-LN_ateke_214_1.wav
1.980919599514563,2.175127794715447,t,KS-S03-LN_ateke_215_2.wav
2.2204262152777776,2.392035694444444,t,KS-S03-LN_atenganenye_1_1.wav
1.4064776785714286,1.5412337612233444,t,KS-S03-LN_atenganenye_147_1.wav
1.926416385135135,2.0623988970588236,t,KS-S03-LN_atenganenye_148_2.wav
1.663048716329966,1.8483889788428323,t,KS-S03-LN_atenganenye_176_1.wav
1.547210867117117,1.6747243697816312,t,KS-S03-LN_atenganenye_177_2.wav
1.908748922413793,2.114094353864734,t,KS-S03-LN_atenganenye-t_1_2.wav
1.411378086419753,1.5609133645124715,th,KS-S03-LN_athenganenye_132_1.wav
1.9556836192810456,2.1092227138643067,th,KS-S03-LN_athenganenye_133_2.wav
1.4710937499999999,1.6150371926229508,th,KS-S03-LN_athenganenye_171_1.wav
1.420428406084656,1.549974602059925,th,KS-S03-LN_athenganenye_172_2.wav
1.711255514705882,1.9138012602179835,th,KS-S03-LN_athenganenye_21_1.wav
1.7303118055555553,1.8765182291666664,th,KS-S03-LN_athenganenye_22_2.wav
1.7993080357142854,2.0024583333333332,th,KS-S03-LN_athenge_181_2.wav
1.633748319892473,1.8273882594217024,th,KS-S03-LN_athenge_45_1.wav
1.7292685688405796,2.2210962327288426,th,KS-S03-LN_athenge_46_2.wav
1.6052498713991767,1.811365547839506,th,KS-S03-LN_athenge_91_1.wav
1.6409317129629628,1.8464360185185185,th,KS-S03-LN_athenge_92_2.wav
1.7165885976702508,1.9193070347533632,th,KS-S03-LN_athepe_194_1.wav
1.9141354166666664,2.0563626893939393,th,KS-S03-LN_athepe_195_2.wav
1.7982867445054944,1.96188760359116,th,KS-S03-LN_athepe_59_1.wav
1.974890476190476,2.145932386363636,th,KS-S03-LN_athepe_87_1.wav
1.8274773284313723,2.0345134999999996,ty,KS-S03-LN_atyemeye_17_1.wav
1.6416639660493826,1.8834816255364806,ty,KS-S03-LN_atyemeye_18_2.wav
1.43608125,1.6302947547281323,ty,KS-S03-LN_atyemeye_186_1.wav
1.4350765931372547,1.6391146637709135,ty,KS-S03-LN_atyemeye_187_2.wav
1.8611314273049644,2.016849855006105,ty,KS-S03-LN_atyemeye_89_1.wav
2.9971901041666666,3.1915008547008545,ty,KS-S03-LN_atyemeye-n_90_2.wav
1.6019054638364778,1.8587916422716626,ty,KS-S03-LN_atyepe_153_1.wav
1.5416006944444443,1.7014623697916664,ty,KS-S03-LN_atyepe_154_2.wav
1.4348100694444443,1.646456736111111,ty,KS-S03-LN_atyepe_173_1.wav
1.544675067204301,1.8064426755765197,ty,KS-S03-LN_atyepe_37_1.wav
1.8318046239837398,2.411110635964912,ty,KS-S03-LN_atyepe_38_2.wav
1.6574924376177023,1.8578621073429369,l,KS-S05-RD_aleke_110_1.wav
2.0448963068181816,2.209552710124164,l,KS-S05-RD_aleke_111_2.wav
1.9551010416666665,2.0863609545765027,l,KS-S05-RD_aleke_218_1.wav
1.8631698464912279,2.047447116239772,l,KS-S05-RD_aleke_76_1.wav
1.8124655135212886,1.991034949908925,l,KS-S05-RD_aleke_77_2.wav
1.8649895050125311,2.0931289434523808,l,KS-S05-RD_aleme_154_1.wav
1.8879198529411765,2.092041550925926,l,KS-S05-RD_aleme_155_2.wav
1.7819397800429182,1.9837266621129324,l,KS-S05-RD_aleme_156_3.wav
1.9000019707207205,2.1254838362068966,l,KS-S05-RD_aleme_237_1.wav
1.7003236053719006,1.8920231761822375,l,KS-S05-RD_aleme_238_2.wav
1.7452887499999998,1.9293892525337835,l,KS-S05-RD_aleme_25_1.wav
1.7939096541394333,1.9403435739436619,l,KS-S05-RD_aleme_26_2.wav
2.0749270833333333,2.261575184811828,lh,KS-S05-RD_alhekere_104_1.wav
1.7674561170212766,1.9258493683187559,lh,KS-S05-RD_alhekere_105_2.wav
1.8222231359649121,2.0003895057811616,lh,KS-S05-RD_alhekere_21_1.wav
1.6898525785960379,1.8361272480779791,lh,KS-S05-RD_alhekere_219_1.wav
1.8027708333333332,1.9747233926892336,lh,KS-S05-RD_alhekere_22_2.wav
2.0426231328616353,2.176754994695898,lh,KS-S05-RD_alhekere_220_2.wav
2.0187353380503144,2.210893438057041,ly,KS-S05-RD_Alyeke_144_1.wav
2.229054166666667,2.3864936961869616,ly,KS-S05-RD_Alyeke_145_2.wav
1.8403232230392157,1.9993777188155135,ly,KS-S05-RD_Alyeke_227_1.wav
1.9315697720125784,2.079070336217365,ly,KS-S05-RD_Alyeke_228_2.wav
1.7775969419275122,1.9403099888392854,ly,KS-S05-RD_Alyeke_45_1.wav
2.0904250833333333,2.2673323825219742,ly,KS-S05-RD_Alyeke_46_2.wav
1.8813686483739835,2.0758699169530357,ly,KS-S05-RD_alyepe_125_1.wav
1.8748245988612835,2.034812047101449,ly,KS-S05-RD_alyepe_126_2.wav
2.1428074712643674,2.2716171540274206,ly,KS-S05-RD_alyepe_213_1.wav
1.724226412835249,1.8672242008499629,ly,KS-S05-RD_alyepe_214_2.wav
1.65199317002442,1.798727936351706,ly,KS-S05-RD_alyepe_31_1.wav
1.8764198717948717,2.0183200247875352,ly,KS-S05-RD_alyepe_32_2.wav
2.0083299773361225,2.152329697712418,n,KS-S05-RD_aname_13_1.wav
1.8828663868159201,2.046897937192118,n,KS-S05-RD_aname_14_2.wav
1.9528747023809523,2.1222249503968253,n,KS-S05-RD_aname_140_1.wav
1.951670486111111,2.1171491325622775,n,KS-S05-RD_aname_141_2.wav
1.658790322580645,1.8325939417177912,n,KS-S05-RD_aname_161_1.wav
1.6821806607744105,1.8788408598265895,n,KS-S05-RD_aname_162_2.wav
1.8967137075371547,2.014355488056013,n,KS-S05-RD_anenganenye_235_1.wav
1.9641173695542045,2.065606726190476,n,KS-S05-RD_anenganenye_236_2.wav
1.8038918776371307,1.9292458162568304,n,KS-S05-RD_anenganenye_78_1.wav
2.185361928104575,2.303543055555555,n,KS-S05-RD_anenganenye_79_2.wav
1.6505779356060604,1.7651050281954885,n,KS-S05-RD_anenganenye_95_1.wav
1.9802994424882627,2.100020274049217,n,KS-S05-RD_anenganenye_96_2.wav
1.7477458786231883,1.910340389784946,nh,KS-S05-RD_anhamernarte_181_1.wav
1.6409801706827307,1.7925224780701754,nh,KS-S05-RD_anhamernarte_182_2.wav
1.5878330487249541,1.7431027942004504,nh,KS-S05-RD_anhamernarte_61_1.wav
2.0690379016311864,2.205564006279701,nh,KS-S05-RD_anhamernarte_63_2.wav
1.7546687973484847,1.8820205662393161,nh,KS-S05-RD_anhamernarte_64_3.wav
1.599239486882716,1.8063075181159418,nh,KS-S05-RD_anhamernarte_97_1.wav
2.1228123724489794,2.354550606153219,nh,KS-S05-RD_anhamernarte_98_2.wav
1.8401522197420634,1.996147387713437,nh,KS-S05-RD_anhaperte_108_1.wav
2.039401401515151,2.2169469821899734,nh,KS-S05-RD_anhaperte_109_2.wav
1.7357255842151673,1.873228831994645,nh,KS-S05-RD_anhaperte_169_1.wav
1.8918942307692306,2.026837040960452,nh,KS-S05-RD_anhaperte_170_2.wav
1.6549876179245282,1.825999943078324,nh,KS-S05-RD_anhaperte_75_1.wav
1.8461758928571426,2.0998175903451997,ny,KS-S05-RD_anyamernarte_136_1.wav
1.8355920269423558,1.9714034032091095,ny,KS-S05-RD_anyamernarte_137_2.wav
1.6400169350715745,1.7831380762411344,ny,KS-S05-RD_anyamernarte_173_1.wav
1.5590603505291005,1.7196169117647058,ny,KS-S05-RD_anyamernarte_174_2.wav
2.6938577898550724,2.8688091464862295,ny,KS-S05-RD_anyamernarte_5_1.wav
1.8619230695718654,1.9727066532258062,ny,KS-S05-RD_anyamernarte_6_2.wav
1.8260162712464587,2.332092803030303,ny,KS-S05-RD_anyaperte_128_1.wav
1.4761105797746144,1.6097074692780335,ny,KS-S05-RD_anyaperte_129_2.wav
1.7747467447916665,1.9243312841530051,ny,KS-S05-RD_anyaperte_171_1.wav
1.7715297785006194,1.875719704861111,ny,KS-S05-RD_anyaperte_172_2.wav
1.3940624179790024,1.5404414556962023,ny,KS-S05-RD_anyaperte_35_1.wav
1.5281407076719575,1.6728093885281385,ny,KS-S05-RD_anyaperte_37_2.wav
1.6253120265151513,1.7640112463126842,ny,KS-S05-RD_anyaperte_38_3.wav
1.9606155825339728,2.0909651630434785,rl,KS-S05-RD_arlemenye_119_1.wav
1.7982520597928435,1.9210197754650806,rl,KS-S05-RD_arlemenye_120_2.wav
2.388883742559524,2.5683910108024692,rl,KS-S05-RD_arlemenye_241_1.wav
1.9290019778481011,2.0582498546511627,rl,KS-S05-RD_arlemenye_242_2.wav
1.6822178479381442,1.7859606807511736,rl,KS-S05-RD_arlemenye_43_1.wav
1.8181024794600937,1.9549543907702522,rl,KS-S05-RD_arlemenye_44_2.wav
1.7532665480066756,1.9111556735836626,rl,KS-S05-RD_arlepe_130_1.wav
2.0127649286987523,2.173610869565217,rl,KS-S05-RD_arlepe_131_2.wav
1.8911761968085106,2.0630851070691434,rl,KS-S05-RD_arlepe_167_1.wav
1.843294338235294,2.0010739622057,rl,KS-S05-RD_arlepe_168_2.wav
2.2447556818181815,2.4061044389978212,rl,KS-S05-RD_arlepe_245_1.wav
2.6011820312499996,2.7359918405319665,rl,KS-S05-RD_arlepe_250_2.wav
2.2557127976190476,2.408292004243827,rl,KS-S05-RD_arlepe_252_3.wav
1.9064159226190476,2.0644295594262294,rl,KS-S05-RD_arlepe_27_1.wav
2.0676675413486003,2.2139646364118897,rl,KS-S05-RD_arlepe_28_2.wav
2.5266871279761904,2.665142656619385,rl,KS-S05-RD_arlepe-c_248_1.wav
1.7515837227414328,1.9278716695011338,rn,KS-S05-RD_arnenge_159_1.wav
1.8187337101063827,2.0054676005747125,rn,KS-S05-RD_arnenge_160_2.wav
1.5434551121151272,1.6851501225490195,rn,KS-S05-RD_arnenge_29_1.wav
1.6882460028662998,1.829754566912972,rn,KS-S05-RD_arnenge_30_2.wav
1.8184053908934705,1.977702252538071,rn,KS-S05-RD_arnenge_82_1.wav
1.9117881944444441,2.071251795977011,rn,KS-S05-RD_arnenge_83_2.wav
2.03940836352657,2.2305575598464316,rt,KS-S05-RD_artenganenye_10_2.wav
3.475400815217391,3.6418627859477124,rt,KS-S05-RD_artenganenye_102_1.wav
2.2191562499999997,2.358925494734931,rt,KS-S05-RD_artenganenye_103_2.wav
1.9584378360215051,2.1404616539301307,rt,KS-S05-RD_artenganenye_9_1.wav
1.9004386160714284,2.0805038588508205,rt,KS-S05-RD_artepe_100_2.wav
1.626388221153846,1.7690202692539108,rt,KS-S05-RD_artepe_165_1.wav
2.058919981060606,2.213129644373673,rt,KS-S05-RD_artepe_166_2.wav
1.5742218892694062,1.7542536132812498,rt,KS-S05-RD_artepe_41_1.wav
1.9317580758426964,2.0955441416449085,rt,KS-S05-RD_artepe_42_2.wav
1.6138329221491226,1.7810195983676975,rt,KS-S05-RD_artepe_99_1.wav
1.623494171626984,1.7959852927154842,t,KS-S05-RD_atake_115_1.wav
1.8337444128787876,2.0069344362745096,t,KS-S05-RD_atake_116_2.wav
2.43826469017094,2.598307543922127,t,KS-S05-RD_atake_209_3.wav
1.942465701219512,2.1225649326347305,t,KS-S05-RD_atake_7_1.wav
2.110402797619048,2.296089087995338,t,KS-S05-RD_atake_8_2.wav
1.7684240252293575,2.005276876477541,t,KS-S05-RD_atake-c_203_1.wav
1.813895673076923,2.017179170927062,t,KS-S05-RD_atake-c_204_2.wav
1.5942559668284788,1.811203720238095,t,KS-S05-RD_atake-c_207_1.wav
1.6945364367219915,1.887413171824104,t,KS-S05-RD_atake-c_208_2.wav
1.9445723940746982,2.049407376126126,t,KS-S05-RD_atake-t_210_4.wav
2.022751736111111,2.263255991887905,t,KS-S05-RD_ateke_138_1.wav
1.929078472222222,2.1865815503003,t,KS-S05-RD_ateke_139_2.wav
1.9350613970588233,2.17776184566787,t,KS-S05-RD_ateke_17_1.wav
1.9447130310457514,2.280613415683382,t,KS-S05-RD_ateke_18_2.wav
2.7044100877192983,2.888052780683403,t,KS-S05-RD_ateke_233_1.wav
1.9964782196969695,2.1669113906926403,t,KS-S05-RD_ateke_234_2.wav
2.1899224537037036,2.38017983490566,t,KS-S05-RD_atenganenye_1_1.wav
1.9977191780821915,2.255000155472637,t,KS-S05-RD_atenganenye_149_1.wav
2.1077575320512816,2.2919116713135064,t,KS-S05-RD_atenganenye_150_2.wav
2.6970356012658225,2.8941979834401703,t,KS-S05-RD_atenganenye_151_3.wav
2.186552083333333,2.3794770092398885,t,KS-S05-RD_atenganenye_175_1.wav
2.0364698369565217,2.238573656937394,t,KS-S05-RD_atenganenye_177_2.wav
1.965329382183908,2.1321019412878788,t,KS-S05-RD_atenganenye_178_3.wav
2.0278295670466884,2.3169507094247557,t,KS-S05-RD_atenganenye_3_2.wav
2.181660053596127,2.385316630747126,t,KS-S05-RD_atenganenye_4_3.wav
2.0087166132478633,2.222508394012945,th,KS-S05-RD_athenganenye_23_1.wav
2.160477546296296,2.3509128787878786,th,KS-S05-RD_athenganenye_24_2.wav
2.022282927852349,2.228978783050047,th,KS-S05-RD_athenganenye-t_134_1.wav
1.8458562499999998,2.0723948302469135,th,KS-S05-RD_athenganenye-t_135_2.wav
1.9196324869791666,2.544758248873874,th,KS-S05-RD_athenge_188_1.wav
2.0238475378787877,2.219479345749761,th,KS-S05-RD_athenge_189_2.wav
1.8865518867924527,2.15692349137931,th,KS-S05-RD_athenge_47_1.wav
1.7894513601928375,2.0391699322089947,th,KS-S05-RD_athenge_48_2.wav
1.7290077570921984,1.9903784380131362,th,KS-S05-RD_athenge_93_1.wav
1.6957340059055117,1.9534385442135287,th,KS-S05-RD_athenge_94_2.wav
2.8779441287878784,3.051046695635694,th,KS-S05-RD_athepe_211_1.wav
1.8817008463541665,2.070364377062706,th,KS-S05-RD_athepe_212_2.wav
1.8309747886473429,2.041425034153005,th,KS-S05-RD_athepe_246_1.wav
3.3245149898373985,3.516655381944444,th,KS-S05-RD_athepe_247_2.wav
1.7653359562350117,2.0141389386341926,th,KS-S05-RD_athepe_58_1.wav
1.974921262254902,2.2208403460665656,th,KS-S05-RD_athepe_59_2.wav
1.8606145833333332,2.1157170205406555,th,KS-S05-RD_athepe_88_1.wav
2.2234777162447257,2.4594679358237546,th,KS-S05-RD_athepe_89_2.wav
1.6852417599502485,1.9193552168483197,ty,KS-S05-RD_atyemeye_19_1.wav
1.8333034131205672,2.039760087471783,ty,KS-S05-RD_atyemeye_194_1.wav
1.7224819078947367,1.9564322916666665,ty,KS-S05-RD_atyemeye_195_2.wav
1.9373545360520095,2.1368641927083334,ty,KS-S05-RD_atyemeye_20_2.wav
2.160674242424242,2.3873136304909557,ty,KS-S05-RD_atyemeye_90_1.wav
1.9985633012820512,2.242290343581989,ty,KS-S05-RD_atyemeye_91_2.wav
1.926496376811594,2.184355959784411,ty,KS-S05-RD_atyepe_157_1.wav
2.184355959784411,2.2490378556910566,ty,KS-S05-RD_atyepe_157_1.wav
2.061467214912281,2.2865142807491003,ty,KS-S05-RD_atyepe_158_2.wav
1.6664963037634406,2.017031001984127,ty,KS-S05-RD_atyepe_179_1.wav
2.164077546296296,2.3354697457107845,ty,KS-S05-RD_atyepe_180_2.wav
1.6228076105442175,1.8617279734848484,ty,KS-S05-RD_atyepe_39_1.wav
1.7554481534090909,1.9447166064547206,ty,KS-S05-RD_atyepe_40_2.wav
1.5020684202637888,1.7055961538461537,l,KS-S06-CT_aleke_107_1.wav
1.7432415674603172,1.9166603535353532,l,KS-S06-CT_aleke_108_2.wav
1.5526874310154524,1.7240066773504272,l,KS-S06-CT_aleke_205_1.wav
1.6321405396174862,1.7810253676470587,l,KS-S06-CT_aleke_206_2.wav
1.9277749830623303,2.0683526188085675,l,KS-S06-CT_aleke_75_1.wav
1.429201774691358,1.5641372626582277,l,KS-S06-CT_aleke_76_2.wav
1.4922042297979796,1.6570986058897241,l,KS-S06-CT_aleme_145_1.wav
1.264424632352941,1.406260294117647,l,KS-S06-CT_aleme_147_2.wav
2.0860410714285713,2.2205966435185185,l,KS-S06-CT_aleme_148_3.wav
1.5888383333333331,1.7542320075757574,l,KS-S06-CT_aleme_223_1.wav
1.775520440251572,1.925113703051643,l,KS-S06-CT_aleme_224_2.wav
1.7168638888888887,1.9467090517241377,l,KS-S06-CT_aleme_25_1.wav
1.9859166666666663,2.1706630067567567,l,KS-S06-CT_aleme_26_2.wav
2.115502906976744,2.245312990196078,lh,KS-S06-CT_alhekere_101_1.wav
1.7670780141843971,1.892629419191919,lh,KS-S06-CT_alhekere_102_2.wav
1.2861835266323023,1.415257195017182,lh,KS-S06-CT_alhekere_207_1.wav
1.5493394261006288,1.6820844702556539,lh,KS-S06-CT_alhekere_208_2.wav
1.4506215277777776,1.5959726080246912,lh,KS-S06-CT_alhekere_21_1.wav
1.5002788510101008,1.6735532407407407,lh,KS-S06-CT_alhekere_22_2.wav
1.6264716705607476,1.7879130140692638,ly,KS-S06-CT_Alyeke_137_1.wav
1.8850094696969697,2.0642078210382513,ly,KS-S06-CT_Alyeke_138_2.wav
1.6568109375,1.7810801982200646,ly,KS-S06-CT_Alyeke_215_1.wav
1.947376651422764,2.08890162037037,ly,KS-S06-CT_Alyeke_216_2.wav
1.8864284274193548,2.0763293055555554,ly,KS-S06-CT_Alyeke_43_1.wav
2.3159753556910565,2.488441427595628,ly,KS-S06-CT_Alyeke_44_2.wav
1.7409854166666665,1.9047066615226336,ly,KS-S06-CT_alyepe_31_1.wav
1.7788358477011492,1.9616140350877191,ly,KS-S06-CT_alyepe_32_2.wav
1.514591115900383,1.643270745798319,ly,KS-S06-CT_alyepe-n_201_1.wav
1.5124779605263157,1.6968218864468863,ly,KS-S06-CT_alyepe-n_202_2.wav
1.4985004844961238,1.6874247685185184,ly,KS-S06-CT_alyepe-tn_119_1.wav
1.5916269459706958,1.731589629120879,ly,KS-S06-CT_alyepe-tn_120_2.wav
1.4769151297814207,1.6705182079945797,n,KS-S06-CT_aname_12_1.wav
1.7146282327586204,1.9326143018018018,n,KS-S06-CT_aname_12b_2.wav
1.5584641596045197,1.7182927961847387,n,KS-S06-CT_aname_133_1.wav
1.8290052083333332,2.0384530396174863,n,KS-S06-CT_aname_134_2.wav
1.6125101785714284,1.7975281332020996,n,KS-S06-CT_aname_155_1.wav
1.877669569672131,2.028892663043478,n,KS-S06-CT_aname_156_2.wav
2.0156030890804595,2.1216160714285714,n,KS-S06-CT_anenganenye_221_1.wav
1.2976617063492062,1.4095447014435696,n,KS-S06-CT_anenganenye_222_2.wav
1.4629144345238094,1.5738752083333332,n,KS-S06-CT_anenganenye_77_1.wav
1.7369638480392156,1.8395907738095236,n,KS-S06-CT_anenganenye_78_2.wav
1.7870222457627116,1.8838263888888886,n,KS-S06-CT_anenganenye_94_1.wav
1.8723100961538461,2.001564872908623,nh,KS-S06-CT_anhamernarte_177_1.wav
1.5517792874396135,1.6691378580729166,nh,KS-S06-CT_anhamernarte_178_1.wav
1.8811588541666666,1.9583697916666665,nh,KS-S06-CT_anhamernarte_57_1.wav
1.7415893640350875,1.884860392371234,nh,KS-S06-CT_anhamernarte_97_1.wav
1.6626440548780488,1.761133942610063,nh,KS-S06-CT_anhamernarte-t_59_2.wav
1.446046493902439,1.5282176195090438,nh,KS-S06-CT_anhamernarte-t_60_3.wav
1.5856897644927535,1.7208009119812584,nh,KS-S06-CT_anhaperte_105_1.wav
1.8265387499999999,1.9784465700253482,nh,KS-S06-CT_anhaperte_106_2.wav
1.8070515046296296,1.952699722222222,nh,KS-S06-CT_anhaperte_165_1.wav
1.7190562499999997,1.870723932421227,nh,KS-S06-CT_anhaperte_166_2.wav
1.7294391801075268,1.8835454509987515,nh,KS-S06-CT_anhaperte_71_1.wav
1.8396476851851848,1.9624758663366335,nh,KS-S06-CT_anhaperte_74_2.wav
1.6854608477011492,1.77813164893617,ny,KS-S06-CT_anyamernarte_129_1.wav
1.4972992097701148,1.5873193452380951,ny,KS-S06-CT_anyamernarte_130_2.wav
1.4934880952380951,1.6276483424574206,ny,KS-S06-CT_anyamernarte_169_1.wav
1.6703551936619716,1.7798095460199004,ny,KS-S06-CT_anyamernarte_170_2.wav
1.4458017113095236,1.5732368534482757,ny,KS-S06-CT_anyamernarte_171_3.wav
1.4163710937499998,1.5052423469387755,ny,KS-S06-CT_anyamernarte_172_4.wav
1.4843234087926507,1.6019109925474253,ny,KS-S06-CT_anyamernarte_3_1.wav
1.533502332089552,1.6584368872549018,ny,KS-S06-CT_anyamernarte-n_4_2.wav
2.1948692876344085,2.312232905982906,ny,KS-S06-CT_anyaperte_121_1.wav
1.5968178543613705,1.7123381496415768,ny,KS-S06-CT_anyaperte_122_2.wav
1.5970942344961239,1.7704166666666663,ny,KS-S06-CT_anyaperte_167_1.wav
1.6871565476190475,1.8020286779835388,ny,KS-S06-CT_anyaperte_168_2.wav
1.7128437499999998,1.8683131291946309,ny,KS-S06-CT_anyaperte_35_1.wav
1.850169104609929,2.0020476190476186,ny,KS-S06-CT_anyaperte_36_2.wav
1.7690090285374789,1.8792631578947365,rl,KS-S06-CT_arlemenye_115_1.wav
1.738097281073446,1.8356653462441312,rl,KS-S06-CT_arlemenye_116_2.wav
1.5495752976190476,1.6831841346153844,rl,KS-S06-CT_arlemenye_228_1.wav
1.6847120098039214,1.8000028132603405,rl,KS-S06-CT_arlemenye_229_2.wav
1.828040246212121,1.9685633680555554,rl,KS-S06-CT_arlemenye_41_1.wav
2.381738811728395,2.493033920940171,rl,KS-S06-CT_arlemenye_42_2.wav
1.6919125,1.8470124198717948,rl,KS-S06-CT_arlepe_123_1.wav
1.7801874999999998,1.8980905612244896,rl,KS-S06-CT_arlepe_124_2.wav
1.5973904979674796,1.7673823375262052,rl,KS-S06-CT_arlepe_163_1.wav
1.92876875,2.09656612877651,rl,KS-S06-CT_arlepe_164_2.wav
1.7317086004273503,1.8924338321596244,rl,KS-S06-CT_arlepe_27_1.wav
2.26684375,2.390095588235294,rl,KS-S06-CT_arlepe_28_2.wav
1.7026377751572324,1.8254912595785437,rn,KS-S06-CT_arnenge_153_1.wav
1.9699322916666664,2.1122542438271603,rn,KS-S06-CT_arnenge_154_2.wav
1.8507906454248364,1.9819098589238844,rn,KS-S06-CT_arnenge_29_1.wav
1.9356739267676766,2.089228840218423,rn,KS-S06-CT_arnenge_30_2.wav
1.5634851507092196,1.7055047743055554,rn,KS-S06-CT_arnenge_82_1.wav
1.9923020833333331,2.1429687499999996,rn,KS-S06-CT_arnenge_83_2.wav
1.6637638888888886,1.7819688988095237,rt,KS-S06-CT_artenganenye_100_1.wav
1.6947426697530863,1.8474541666666664,rt,KS-S06-CT_artenganenye_217_1.wav
1.6062627314814812,1.7373903449820787,rt,KS-S06-CT_artenganenye_218_2.wav
1.6640659722222222,1.8293386574074073,rt,KS-S06-CT_artepe_161_1.wav
1.811995265151515,1.9541909054487179,rt,KS-S06-CT_artepe_162_2.wav
1.8739635416666665,2.011210597826087,rt,KS-S06-CT_artepe_39_1.wav
1.8202637061403506,1.9878758192883894,rt,KS-S06-CT_artepe_40_2.wav
1.6347625,1.7988462499999998,rt,KS-S06-CT_artepe_98_1.wav
1.3935944220430108,1.552352148950131,rt,KS-S06-CT_artepe_99_2.wav
1.8495378787878787,2.0514673202614375,t,KS-S06-CT_atake_111_1.wav
1.9844363425925924,2.181609923245614,t,KS-S06-CT_atake_112_2.wav
1.217673828125,1.377575026371308,t,KS-S06-CT_atake_197_1.wav
1.5541899038461537,1.73490873470948,t,KS-S06-CT_atake_198_2.wav
1.863352564102564,2.147802083333333,t,KS-S06-CT_atake_5_1.wav
1.8647059294871793,2.0538988846801347,t,KS-S06-CT_ateke-t_131_1.wav
2.1034635416666667,2.318299851190476,t,KS-S06-CT_atenganenye_1_1.wav
1.4271933876811593,1.64140125,t,KS-S06-CT_atenganenye_141_1.wav
1.639816964285714,1.8097745726495726,t,KS-S06-CT_atenganenye_142_2.wav
1.506698611111111,1.6681761401867112,t,KS-S06-CT_atenganenye_179_1.wav
1.4808046874999998,1.6698072089947087,t,KS-S06-CT_atenganenye_180_2.wav
1.592955395299145,1.8407391237745097,t,KS-S06-CT_atenganenye_2_2.wav
1.4405605053191488,1.6200097587719295,th,KS-S06-CT_athenganenye_127_1.wav
1.595680871212121,1.7602132855191257,th,KS-S06-CT_athenganenye_128_2.wav
1.7881813725490194,1.9397604166666664,th,KS-S06-CT_athenganenye_173_1.wav
1.6189635416666666,1.7805160984848483,th,KS-S06-CT_athenganenye_174_2.wav
1.59213125,1.7973510251322748,th,KS-S06-CT_athenganenye_23_1.wav
2.2920115131578944,2.510915364583333,th,KS-S06-CT_athenganenye_24_2.wav
1.693273148148148,1.9177752976190474,th,KS-S06-CT_athenge_183_1.wav
1.8459290994623654,2.1066248433583956,th,KS-S06-CT_athenge_184_2.wav
1.8943776041666665,2.1036435185185183,th,KS-S06-CT_athenge_45_1.wav
1.4792983796296295,1.7057335179324893,th,KS-S06-CT_athenge_46_2.wav
1.4954453373015872,1.6922097060723513,th,KS-S06-CT_athenge_92_1.wav
1.5691550925925923,1.7835377976190474,th,KS-S06-CT_athenge_93_2.wav
1.580585648148148,1.7686263440860213,th,KS-S06-CT_athepe_199_1.wav
1.871640467171717,2.0630707908163264,th,KS-S06-CT_athepe_200_2.wav
1.6998072916666664,1.9203590686274508,th,KS-S06-CT_athepe_55_1.wav
1.8791655701754384,2.1046770833333333,th,KS-S06-CT_athepe_56_2.wav
1.8000464743589741,2.0317233994992847,th,KS-S06-CT_athepe_88_1.wav
1.6298671875,1.8428428136704118,th,KS-S06-CT_athepe_89_2.wav
1.45440625,1.6313958333333334,ty,KS-S06-CT_atyemeye_189_1.wav
2.040761322463768,2.2132056623931624,ty,KS-S06-CT_atyemeye_19_1.wav
1.4878407738095236,1.6447817708333332,ty,KS-S06-CT_atyemeye_190_2.wav
1.4063463541666665,1.5624150502873562,ty,KS-S06-CT_atyemeye_191_3.wav
1.7193806089743588,1.868647762345679,ty,KS-S06-CT_atyemeye_192_4.wav
1.463315476190476,1.629409806910569,ty,KS-S06-CT_atyemeye_90_1.wav
1.5856824494949493,1.7789598513400333,ty,KS-S06-CT_atyemeye_91_2.wav
2.4796381048387097,2.690257978723404,ty,KS-S06-CT_atyemeye-n_20_2.wav
1.961034226190476,2.1925480072463768,ty,KS-S06-CT_atyepe_149_1.wav
1.9285656702898548,2.2443465277777777,ty,KS-S06-CT_atyepe_150_2.wav
1.7486770833333332,1.9326105939716312,ty,KS-S06-CT_atyepe_151_3.wav
1.797088348765432,2.015235171568627,ty,KS-S06-CT_atyepe_152_4.wav
1.3879078525641024,1.590079495614035,ty,KS-S06-CT_atyepe_175_1.wav
1.4870208333333332,1.6884690040650403,ty,KS-S06-CT_atyepe_176_2.wav
2.0658866421568627,2.311483479299363,ty,KS-S06-CT_atyepe_37_1.wav
2.154789402173913,2.4010885416666667,ty,KS-S06-CT_atyepe_38_2.wav
1.613934257346189,1.7540243524774775,l,KS-S11-RN_aleke_103_1.wav
1.9128979166666664,2.0750464643845086,l,KS-S11-RN_aleke_104_2.wav
1.6045355769230767,1.7441656623048667,l,KS-S11-RN_aleke_200_1.wav
1.5706019345238094,1.7131511277548208,l,KS-S11-RN_aleke_201_2.wav
1.6677362620772946,1.8146415115248224,l,KS-S11-RN_aleke_238_1.wav
1.699394554093567,1.8294055508948546,l,KS-S11-RN_aleke_239_2.wav
1.9324753139269404,2.0614174836601307,l,KS-S11-RN_aleke_70_1.wav
1.6654089506172838,1.7860672932733503,l,KS-S11-RN_aleke_71_2.wav
1.5884828869047618,1.7234518995098038,l,KS-S11-RN_aleme_149_1.wav
1.7026408991228068,1.8129376495215308,l,KS-S11-RN_aleme_150_1.wav
1.6535104166666665,1.8135243055555554,l,KS-S11-RN_aleme_220_1.wav
1.6537800925925923,1.8174830043859647,l,KS-S11-RN_aleme_221_2.wav
1.6921330645161288,1.811679583333333,l,KS-S11-RN_aleme_25_1.wav
1.5400351341807907,1.6861207183026583,l,KS-S11-RN_aleme_252_1.wav
1.7253970833333332,1.8695799589201878,l,KS-S11-RN_aleme_253_2.wav
1.6699543560606058,1.7910425813008128,l,KS-S11-RN_aleme_26_2.wav
1.4469079166666665,1.556130079201102,lh,KS-S11-RN_alhekere_202_1.wav
1.6428768825301203,1.7559557418699185,lh,KS-S11-RN_alhekere_203_2.wav
1.661057981354642,1.7774108723958333,lh,KS-S11-RN_alhekere_21_1.wav
1.742580269607843,1.8439016774558157,lh,KS-S11-RN_alhekere_22_2.wav
1.504559829059829,1.6255418333333331,lh,KS-S11-RN_alhekere_240_1.wav
1.6359722640562246,1.7534409993489581,lh,KS-S11-RN_alhekere_241_2.wav
1.7155873106060604,1.8407406371595327,lh,KS-S11-RN_alhekere_97_1.wav
1.5829443789308173,1.6841388888888886,lh,KS-S11-RN_alhekere_98_2.wav
1.6016956845238093,1.7353763503086417,ly,KS-S11-RN_Alyeke_133_1.wav
1.6343239850427347,1.7790837499999999,ly,KS-S11-RN_Alyeke_134_2.wav
1.7087586050724637,1.8509242067642955,ly,KS-S11-RN_Alyeke_212_1.wav
1.6215358231707315,1.7673004592293906,ly,KS-S11-RN_Alyeke_213_2.wav
1.5664177234299514,1.710437195419103,ly,KS-S11-RN_Alyeke_242_1.wav
1.6625948350694444,1.8088946683114033,ly,KS-S11-RN_Alyeke_243_2.wav
1.531327719560878,1.6617056781045751,ly,KS-S11-RN_Alyeke_43_1.wav
1.5181671626984126,1.6624694683908046,ly,KS-S11-RN_Alyeke_44_2.wav
1.6142271107456139,1.7610936721183799,ly,KS-S11-RN_alyepe_115_1.wav
1.4789184265601216,1.598932699275362,ly,KS-S11-RN_alyepe_116_2.wav
1.6193446180555555,1.7464272460937498,ly,KS-S11-RN_alyepe_196_1.wav
1.6538471102150536,1.7737256307339448,ly,KS-S11-RN_alyepe_197_2.wav
1.5572485119047619,1.6924508304195804,ly,KS-S11-RN_alyepe_254_1.wav
1.7732086489898988,1.8868623263888886,ly,KS-S11-RN_alyepe_255_2.wav
1.5356734374999998,1.6736048119469025,ly,KS-S11-RN_alyepe_31_1.wav
1.5832035472972972,1.6909672619047618,ly,KS-S11-RN_alyepe_32_2.wav
1.604723169191919,1.7170058262711863,n,KS-S11-RN_aname_129_1.wav
1.754980952380952,1.8957595440663175,n,KS-S11-RN_aname_13_1.wav
1.5200987103174601,1.678741738505747,n,KS-S11-RN_aname_130_2.wav
1.6969216485507246,1.8290557044770503,n,KS-S11-RN_aname_14_2.wav
1.502805747487437,1.6645142045454544,n,KS-S11-RN_aname_155_1.wav
1.6606117187499998,1.808045083333333,n,KS-S11-RN_aname_156_2.wav
1.6335723214285713,1.777045910493827,n,KS-S11-RN_aname_284_1.wav
1.758119526836158,1.8865093814699792,n,KS-S11-RN_aname_285_2.wav
1.7276583333333333,1.8565161700581394,n,KS-S11-RN_anenganenye_218_1.wav
1.4886319444444442,1.6078817515432098,n,KS-S11-RN_anenganenye_264_1.wav
1.5478979166666664,1.6706609409492272,n,KS-S11-RN_anenganenye_265_2.wav
1.6105966235632183,1.713011693218954,n,KS-S11-RN_anenganenye_72_1.wav
1.626687767094017,1.7402669632523147,n,KS-S11-RN_anenganenye_73_2.wav
1.3566624634502924,1.4655197315705129,n,KS-S11-RN_anenganenye_90_1.wav
1.7251268939393938,1.9194828003875968,n,KS-S11-RN_anenganenye-n_219_2.wav
1.481568412162162,1.6252727465986392,n,KS-S11-RN_anenganenye-n_90b_2.wav
1.4428382675438594,1.567291127873563,nh,KS-S11-RN_anhamernarte_249_2.wav
1.4993645833333331,1.6673736795774647,nh,KS-S11-RN_anhamernarte-t_173_1.wav
1.4911651785714284,1.6882842481549816,nh,KS-S11-RN_anhamernarte-t_174_2.wav
1.5930877976190474,1.7729265606332139,nh,KS-S11-RN_anhamernarte-t_248_1.wav
1.2341757812499998,1.3773852110745612,nh,KS-S11-RN_anhamernarte-t_57_1.wav
1.533402462121212,1.6772792530224523,nh,KS-S11-RN_anhamernarte-t_58_2.wav
1.3737299679487178,1.5194352223032068,nh,KS-S11-RN_anhamernarte-t_91_1.wav
1.4119071759259259,1.525306758996212,nh,KS-S11-RN_anhamernarte-t_92_2.wav
1.4776508928571428,1.5929429120111729,nh,KS-S11-RN_anhaperte_163_1.wav
1.6386194444444444,1.773398148148148,nh,KS-S11-RN_anhaperte_164_2.wav
1.3623252976190476,1.4860484848484847,nh,KS-S11-RN_anhaperte_270_1.wav
1.7074895833333332,1.8256002859477123,nh,KS-S11-RN_anhaperte_271_2.wav
1.4842796474358972,1.6093717196132595,nh,KS-S11-RN_anhaperte_68_1.wav
1.4448333333333332,1.567864371827411,nh,KS-S11-RN_anhaperte_69_2.wav
1.4950008538251365,1.6176811381431766,nh,KS-S11-RN_anhaperte-t_101_1.wav
1.7364186197916667,1.8653353494623655,nh,KS-S11-RN_anhaperte-t_102_2.wav
1.6540825066137566,1.766738988095238,ny,KS-S11-RN_anyamernarte_233_2.wav
1.406452302631579,1.5412177483974359,ny,KS-S11-RN_anyamernarte_5_1.wav
1.3364085648148145,1.49908984375,ny,KS-S11-RN_anyamernarte_6_2.wav
1.3230069444444443,1.4713855613425924,ny,KS-S11-RN_anyamernarte-t_125_1.wav
1.5463993055555554,1.6581799568965516,ny,KS-S11-RN_anyamernarte-t_126_2.wav
1.2975312499999998,1.4479154846335696,ny,KS-S11-RN_anyamernarte-t_167_1.wav
1.706648958333333,1.77252326208981,ny,KS-S11-RN_anyamernarte-t_168_2.wav
1.6096732954545452,1.7327135946327683,ny,KS-S11-RN_anyamernarte-t_232_1.wav
1.6587778716216215,1.7794296136977057,ny,KS-S11-RN_anyaperte_166_2.wav
1.5080654438405796,1.605723878205128,ny,KS-S11-RN_anyaperte_299_2.wav
1.5961155024509803,1.7126631944444441,ny,KS-S11-RN_anyaperte_35_1.wav
2.219645380434782,2.329673828125,ny,KS-S11-RN_anyaperte_36_2.wav
1.361559659090909,1.4777552083333332,ny,KS-S11-RN_anyaperte-t_117_1.wav
1.6024527243589741,1.7332810588685015,ny,KS-S11-RN_anyaperte-t_118_2.wav
1.2098074850973752,1.3689199561403507,ny,KS-S11-RN_anyaperte-t_165_1.wav
1.4488385416666665,1.553735707364341,ny,KS-S11-RN_anyaperte-t_298_1.wav
1.6030123106060605,1.75288287601626,rl,KS-S11-RN_arlemenye_111_1.wav
1.5697911370056497,1.6942007471037386,rl,KS-S11-RN_arlemenye_112_2.wav
1.5537031249999997,1.6779643825301203,rl,KS-S11-RN_arlemenye_224_1.wav
1.8073025914634144,1.926248409277504,rl,KS-S11-RN_arlemenye_225_2.wav
1.5702091346153844,1.6976543560606059,rl,KS-S11-RN_arlemenye_250_1.wav
1.7065366512345677,1.850100911458333,rl,KS-S11-RN_arlemenye_251_2.wav
1.393577302631579,1.5049073247354496,rl,KS-S11-RN_arlemenye_41_1.wav
1.6021798115079362,1.70053960532102,rl,KS-S11-RN_arlemenye_42_2.wav
1.8803381193693691,2.020612037037037,rl,KS-S11-RN_arlepe_119_1.wav
1.5986394557823127,1.7115011200716845,rl,KS-S11-RN_arlepe_120_2.wav
1.6522887499999999,1.8081536377708978,rl,KS-S11-RN_arlepe_161_1.wav
1.660845238095238,1.7965585908756436,rl,KS-S11-RN_arlepe_162_2.wav
1.9735393518518516,2.093502136075949,rl,KS-S11-RN_arlepe_27_1.wav
1.7840777777777777,1.896746478174603,rl,KS-S11-RN_arlepe_28_2.wav
1.8330431547619046,1.9547527111872145,rl,KS-S11-RN_arlepe-n_230_1.wav
1.7133122023809524,1.8524718309859154,rl,KS-S11-RN_arlepe-n_231_2.wav
1.768787202380952,1.9271341666666666,rn,KS-S11-RN_arnenge_288_1.wav
1.7177028186274508,1.8863279936974788,rn,KS-S11-RN_arnenge_289_2.wav
1.8583795833333332,1.962231641344383,rn,KS-S11-RN_arnenge_29_1.wav
1.5692483042635659,1.6714528449820787,rn,KS-S11-RN_arnenge_30_2.wav
1.4976335227272726,1.6239365277777777,rn,KS-S11-RN_arnenge_76_1.wav
1.4782155934343433,1.6208196866925064,rn,KS-S11-RN_arnenge_77_2.wav
1.4276145833333331,1.5387977499999999,rt,KS-S11-RN_artenganenye_10_2.wav
1.4829525462962962,1.5919736111111111,rt,KS-S11-RN_artenganenye_214_1.wav
1.6037908653846151,1.7502650560224087,rt,KS-S11-RN_artenganenye_215_2.wav
1.4709795833333332,1.5968548886138614,rt,KS-S11-RN_artenganenye_274_1.wav
1.4508883928571428,1.5908162393162393,rt,KS-S11-RN_artenganenye_275_2.wav
1.5481800595238095,1.6644742699430197,rt,KS-S11-RN_artenganenye_9_1.wav
1.8754571314102562,2.024347302971576,rt,KS-S11-RN_artenganenye_95_1.wav
1.8734093992248062,2.032125492902208,rt,KS-S11-RN_artenganenye_96_2.wav
1.357256685323383,1.5198779702141898,rt,KS-S11-RN_artepe_159_1.wav
1.5038680555555555,1.637975368531889,rt,KS-S11-RN_artepe_160_2.wav
1.6039299768518518,1.7799560917721517,rt,KS-S11-RN_artepe_290_1.wav
1.8696726973684208,2.0317365942028984,rt,KS-S11-RN_artepe_291_2.wav
1.6720616987179486,1.804399739583333,rt,KS-S11-RN_artepe_39_1.wav
1.543983630952381,1.6652692837465564,rt,KS-S11-RN_artepe_40_2.wav
1.2237931547619045,1.3867398437499998,rt,KS-S11-RN_artepe_93_1.wav
1.7493377976190474,1.876389583333333,rt,KS-S11-RN_artepe_94_2.wav
1.5472982253086418,1.7314739414778855,t,KS-S11-RN_atake_107_1.wav
1.6502758838383838,1.8170837942477875,t,KS-S11-RN_atake_108_2.wav
1.8597963209219857,2.0347566287878784,t,KS-S11-RN_atake_191_1.wav
1.4090365691489362,1.5767798375706212,t,KS-S11-RN_atake_192_2.wav
1.6304429824561402,1.7938296875,t,KS-S11-RN_atake_193_3.wav
1.4465759259259259,1.6288769667832166,t,KS-S11-RN_atake_292_1.wav
1.7729360119047617,1.9413159722222222,t,KS-S11-RN_atake_293_2.wav
1.6486041666666664,1.7869191468253967,t,KS-S11-RN_atake_7_1.wav
1.542924107142857,1.6593031517094015,t,KS-S11-RN_atake_8_2.wav
2.102927298109966,2.3096468413978495,t,KS-S11-RN_ateke_127_1.wav
1.6437975171232875,1.8027531114718613,t,KS-S11-RN_ateke_128_2.wav
1.6566375,1.838927083333333,t,KS-S11-RN_ateke_17_1.wav
1.8700027777777775,2.0345174758953166,t,KS-S11-RN_ateke_18_2.wav
1.955978472222222,2.180827876984127,t,KS-S11-RN_ateke_216_1.wav
1.7686436095505615,1.999204618298368,t,KS-S11-RN_ateke_217_2.wav
1.8641354166666666,2.0446821120689656,t,KS-S11-RN_ateke_256_1.wav
1.7608710937499998,1.9502165733830845,t,KS-S11-RN_ateke_257_2.wav
1.2142166666666665,1.3941590277777776,t,KS-S11-RN_atenganenye_1_1.wav
1.4312724358974358,1.6239556237957609,t,KS-S11-RN_atenganenye_139_1.wav
1.5158871527777775,1.7028848536036034,t,KS-S11-RN_atenganenye_141_1.wav
1.5763657407407408,1.7507430026546629,t,KS-S11-RN_atenganenye_143_3.wav
1.6332178688318226,1.799452892107046,t,KS-S11-RN_atenganenye_144_4.wav
1.6120639880952379,1.7885168078449327,t,KS-S11-RN_atenganenye_145_5.wav
1.5346714369158878,1.7295987574738414,t,KS-S11-RN_atenganenye_146_6.wav
1.5232256944444442,1.69139410971223,t,KS-S11-RN_atenganenye_175_1.wav
1.5486872459349592,1.6959519230769229,t,KS-S11-RN_atenganenye_176_2.wav
1.746466435185185,1.910179366438356,t,KS-S11-RN_atenganenye_2_2.wav
1.8235969065656565,1.9767172769360268,t,KS-S11-RN_atenganenye_3_3.wav
1.7592170833333332,1.905197361111111,t,KS-S11-RN_atenganenye_4_4.wav
1.601628205128205,1.7819304800724636,t,KS-S11-RN_atenganenye-t_246_1.wav
1.5871282327586205,1.7721107954545452,t,KS-S11-RN_atenganenye-t_247_2.wav
1.4840902777777776,1.635734466374269,th,KS-S11-RN_athenganenye_123_1.wav
1.6271770833333332,1.7902916666666666,th,KS-S11-RN_athenganenye_124_2.wav
1.4680068941468116,1.6128685072267388,th,KS-S11-RN_athenganenye_23_1.wav
1.3852152777777778,1.5376225748337027,th,KS-S11-RN_athenganenye_24_2.wav
1.3145203373015872,1.5009018640350875,th,KS-S11-RN_athenganenye_280_1.wav
1.5363663949275361,1.6940287356321837,th,KS-S11-RN_athenganenye_281_2.wav
1.3232041103603602,1.4828894444444443,th,KS-S11-RN_athenganenye-t_169_1.wav
1.5568680555555554,1.6940082908163263,th,KS-S11-RN_athenganenye-tn_170_2.wav
1.4767131410256409,1.679700581911869,th,KS-S11-RN_athenge_179_1.wav
1.5990430253623187,1.8025896809895832,th,KS-S11-RN_athenge_180_2.wav
1.405345588235294,1.6291241692229037,th,KS-S11-RN_athenge_282_1.wav
1.6024821428571427,1.8034989730046946,th,KS-S11-RN_athenge_283_2.wav
1.7345744047619047,1.9127924270072991,th,KS-S11-RN_athenge_45_1.wav
1.524423878205128,1.6941091382575755,th,KS-S11-RN_athenge_46_2.wav
1.6958715277777776,1.8531660073839662,th,KS-S11-RN_athenge_88_1.wav
1.6246364850427348,1.791823359929078,th,KS-S11-RN_athenge_89_2.wav
1.4232501120071683,1.6596176116462344,th,KS-S11-RN_athepe_194_1.wav
1.574671875,1.7809489379084964,th,KS-S11-RN_athepe_195_2.wav
1.7941875,2.0077403923948216,th,KS-S11-RN_athepe_228_1.wav
1.8375530995934959,2.057185213414634,th,KS-S11-RN_athepe_229_2.wav
1.502014921171171,1.6817144244350282,th,KS-S11-RN_athepe_55_1.wav
1.6031469907407405,1.767366369047619,th,KS-S11-RN_athepe_56_2.wav
1.6416881944444444,1.8352743602362203,th,KS-S11-RN_athepe_84_1.wav
1.627614583333333,1.8222815806878305,th,KS-S11-RN_athepe_85_2.wav
1.7359531249999998,1.9063888972962064,ty,KS-S11-RN_atyemeye_185_1.wav
1.5716246639784945,1.7198107638888886,ty,KS-S11-RN_atyemeye_186_2.wav
1.8687835648148146,2.0302434675141243,ty,KS-S11-RN_atyemeye_19_1.wav
1.7412013888888886,1.8883662956621003,ty,KS-S11-RN_atyemeye_20_2.wav
1.7397744472789114,1.9174940264612952,ty,KS-S11-RN_atyemeye_260_1.wav
1.6736988901869159,1.8530785346441945,ty,KS-S11-RN_atyemeye_261_2.wav
1.4631180555555554,1.631007482394366,ty,KS-S11-RN_atyemeye_86_1.wav
1.6094205043859648,1.7735961021505375,ty,KS-S11-RN_atyemeye_87_2.wav
1.5342161458333332,1.7141198671497582,ty,KS-S11-RN_atyepe_151_1.wav
1.5508705357142856,1.7217410714285712,ty,KS-S11-RN_atyepe_152_2.wav
1.761988095238095,1.9655639576222979,ty,KS-S11-RN_atyepe_171_1.wav
1.670015224358974,1.8293387133699632,ty,KS-S11-RN_atyepe_172_2.wav
1.5643565188172042,1.766551994680851,ty,KS-S11-RN_atyepe_278_1.wav
1.4874188468992247,1.6833430112293144,ty,KS-S11-RN_atyepe_279_2.wav
1.4209102822580644,1.5749195075757574,ty,KS-S11-RN_atyepe_37_1.wav
1.8563899456521737,2.0068191940961335,ty,KS-S11-RN_atyepe_38_2.wav
1.2645920423497268,1.4279998246352412,l,KS-S13-AP_aleke_105_1.wav
2.1938719498158377,2.37704717495637,l,KS-S13-AP_aleke_106_2.wav
1.3930382593457942,1.5942687218468468,l,KS-S13-AP_aleke_196_1.wav
1.4314004807692304,1.6375008192883893,l,KS-S13-AP_aleke_197_2.wav
1.385919540229885,1.5291941034226189,l,KS-S13-AP_aleke_71_1.wav
1.418731045081967,1.5748449577294685,l,KS-S13-AP_aleke_72_2.wav
1.282643601190476,1.4485971371566444,l,KS-S13-AP_aleme_146_1.wav
1.3937740530303029,1.5834765775529862,l,KS-S13-AP_aleme_147_2.wav
1.1947786989795917,1.351243766733601,l,KS-S13-AP_aleme_216_1.wav
1.1749270833333332,1.333276542887029,l,KS-S13-AP_aleme_217_2.wav
1.523798669467787,1.7239047809829058,l,KS-S13-AP_aleme_23_1.wav
1.2868469907407405,1.4749540861945636,l,KS-S13-AP_aleme_24_2.wav
1.3602337862318838,1.4882738095238093,lh,KS-S13-AP_alhekere_100_2.wav
1.305057532051282,1.443740262219959,lh,KS-S13-AP_alhekere_19_1.wav
1.2712789890180878,1.4740145049283153,lh,KS-S13-AP_alhekere_198_1.wav
1.4660038858411701,1.7235265997023808,lh,KS-S13-AP_alhekere_199_2.wav
1.4332140507518796,1.6004029166666665,lh,KS-S13-AP_alhekere_20_2.wav
1.4366337646842877,1.642039857556368,lh,KS-S13-AP_alhekere_99_1.wav
1.636916470125786,1.7927107469512193,ly,KS-S13-AP_Alyeke_135_1.wav
1.349487755847953,1.503908510981912,ly,KS-S13-AP_Alyeke_136_2.wav
1.4571258445945945,1.6162838541666666,ly,KS-S13-AP_Alyeke_208_1.wav
1.4075176732209738,1.5722752016129031,ly,KS-S13-AP_Alyeke_209_2.wav
1.5229004704301075,1.6734394396551722,ly,KS-S13-AP_Alyeke_43_1.wav
1.4009941212871286,1.5249994191449812,ly,KS-S13-AP_Alyeke_44_2.wav
1.3604410984848483,1.5889752735690235,ly,KS-S13-AP_alyepe_117_1.wav
1.3665651586471406,1.495738732993197,ly,KS-S13-AP_alyepe_118_2.wav
1.4715001707650273,1.6846670489296633,ly,KS-S13-AP_alyepe_192_1.wav
1.301606167218543,1.4745542599502486,ly,KS-S13-AP_alyepe_193_2.wav
1.5906848958333333,1.7453581629979034,ly,KS-S13-AP_alyepe_29_1.wav
1.15205031779661,1.2820634469696968,ly,KS-S13-AP_alyepe_30_2.wav
1.3642587182971013,1.528990090227088,n,KS-S13-AP_aname_11_1.wav
1.3623886797188753,1.4978427254098359,n,KS-S13-AP_aname_12_1.wav
1.2739404380341879,1.4363639744258871,n,KS-S13-AP_aname_131_1.wav
1.2725422794117647,1.4183123088685015,n,KS-S13-AP_aname_132_2.wav
1.2412830435982338,1.402753217713787,n,KS-S13-AP_aname_152_1.wav
1.2829159044715446,1.4356553442028983,n,KS-S13-AP_aname_153_2.wav
1.403545673076923,1.5423697916666665,n,KS-S13-AP_anenganenye_214_1.wav
1.2348002232142856,1.3848991987179484,n,KS-S13-AP_anenganenye_215_2.wav
1.301441423160173,1.436452194940476,n,KS-S13-AP_anenganenye_73_1.wav
1.342980962643678,1.4726971109576426,n,KS-S13-AP_anenganenye_74_2.wav
1.3359004911924117,1.4799960304774082,n,KS-S13-AP_anenganenye_91_1.wav
1.0925899018046707,1.2302149248633878,n,KS-S13-AP_anenganenye_92_2.wav
1.724560225938967,1.831244278169014,nh,KS-S13-AP_anhamernarte_170_1.wav
1.5971129807692306,1.7559518995098038,nh,KS-S13-AP_anhamernarte_171_2.wav
1.6121216008771928,1.7741816351540616,nh,KS-S13-AP_anhamernarte_58_1.wav
1.5745217447916666,1.716921660958904,nh,KS-S13-AP_anhamernarte_59_2.wav
1.2670790307971014,1.4282187499999999,nh,KS-S13-AP_anhamernarte_93_1.wav
1.254215203900709,1.3985842391304346,nh,KS-S13-AP_anhamernarte_94_2.wav
1.1322410652022314,1.2446519172443673,nh,KS-S13-AP_anhaperte_103_1.wav
1.4517137172284644,1.5556977848101263,nh,KS-S13-AP_anhaperte_104_2.wav
1.3201793739092496,1.4630131626074496,nh,KS-S13-AP_anhaperte_160_1.wav
1.2187152777777777,1.3570276785714286,nh,KS-S13-AP_anhaperte_161_2.wav
1.3626913956639566,1.490460564014407,nh,KS-S13-AP_anhaperte_69_1.wav
1.279339233038348,1.3901951338748493,nh,KS-S13-AP_anhaperte_70_2.wav
1.3132917138009048,1.413985545865633,ny,KS-S13-AP_anyamernarte_127_1.wav
1.667071614583333,1.767229464285714,ny,KS-S13-AP_anyamernarte_128_2.wav
1.0047312813283207,1.1293999399038461,ny,KS-S13-AP_anyamernarte_164_1.wav
1.4123440705128203,1.5427984775641024,ny,KS-S13-AP_anyamernarte_165_2.wav
1.17191875,1.2935781647582696,ny,KS-S13-AP_anyamernarte_228_1.wav
1.2902336601307187,1.3708505859375,ny,KS-S13-AP_anyamernarte_229_2.wav
1.7723181928294571,1.9026775128865976,ny,KS-S13-AP_anyamernarte_3_1.wav
1.7635381944444442,1.8833973880597015,ny,KS-S13-AP_anyamernarte_4_2.wav
1.303050170068027,1.400153362211221,ny,KS-S13-AP_anyaperte_119_1.wav
1.7258057933789952,1.9002141608391607,ny,KS-S13-AP_anyaperte_120_2.wav
1.124406092171717,1.2220654625382263,ny,KS-S13-AP_anyaperte_162_1.wav
1.4405340485074625,1.5805005986590037,ny,KS-S13-AP_anyaperte_163_2.wav
1.8211587775735292,1.934252757352941,ny,KS-S13-AP_anyaperte_33_1.wav
1.2162835331050226,1.2889955929487178,ny,KS-S13-AP_anyaperte-n_34_2.wav
1.4603304222783389,1.6084185474537036,rl,KS-S13-AP_arlemenye_113_1.wav
1.5856693672839504,1.726523139312977,rl,KS-S13-AP_arlemenye_114_2.wav
1.3991051806784658,1.5489969171858773,rl,KS-S13-AP_arlemenye_220_1.wav
1.2358930915349855,1.3807847621328224,rl,KS-S13-AP_arlemenye_221_2.wav
1.4978898463455148,1.6299747668471718,rl,KS-S13-AP_arlemenye_41_1.wav
1.2135743436073057,1.3573937239039664,rl,KS-S13-AP_arlemenye_42_2.wav
1.4882741477272725,1.6528171296296295,rl,KS-S13-AP_arlepe_121_1.wav
1.528115972222222,1.71567136299435,rl,KS-S13-AP_arlepe_122_2.wav
1.6080532407407406,1.8098845861018824,rl,KS-S13-AP_arlepe_158_1.wav
1.528611111111111,1.779141519360269,rl,KS-S13-AP_arlepe_159_2.wav
1.694736047979798,1.86578125,rl,KS-S13-AP_arlepe_226_1.wav
1.3113182367149756,1.4229892210144928,rl,KS-S13-AP_arlepe_227_2.wav
1.5579576684397163,1.6459638556826055,rl,KS-S13-AP_arlepe_25_1.wav
1.158442455501618,1.2858353125,rl,KS-S13-AP_arlepe_26_2.wav
1.531072048611111,1.6627749542124541,rn,KS-S13-AP_arnenge_150_1.wav
1.7663900966183574,1.9116774488304091,rn,KS-S13-AP_arnenge_151_2.wav
1.3184195833333332,1.4779391025641024,rn,KS-S13-AP_arnenge_27_1.wav
1.333242855584642,1.4827086004273502,rn,KS-S13-AP_arnenge_28_2.wav
1.901711469146482,2.029500325520833,rn,KS-S13-AP_arnenge_77_1.wav
1.5078747184684684,1.6814348239561214,rn,KS-S13-AP_arnenge_78_2.wav
1.636203977272727,1.756487022425249,rn,KS-S13-AP_arnenge_79_3.wav
1.6368174412393162,1.7433862433862433,rn,KS-S13-AP_arnenge_80_4.wav
1.4343424873737372,1.6191281944444442,rt,KS-S13-AP_artenganenye_210_1.wav
2.246267361111111,2.391817967752235,rt,KS-S13-AP_artenganenye_211_2.wav
1.4262169769503545,1.6395523187382297,rt,KS-S13-AP_artenganenye_7_1.wav
1.6794039977477475,1.8777205070281124,rt,KS-S13-AP_artenganenye_8_2.wav
1.2646636424731181,1.4646502305327866,rt,KS-S13-AP_artenganenye_97_1.wav
1.4320520833333332,1.6064973958333333,rt,KS-S13-AP_artenganenye_98_2.wav
1.5927005876068374,1.780432227366255,rt,KS-S13-AP_artepe_156_1.wav
1.6268278601694914,1.881028141239792,rt,KS-S13-AP_artepe_157_2.wav
1.5986785201149425,1.78467879034761,rt,KS-S13-AP_artepe_37_1.wav
1.293763134057971,1.4611184895833331,rt,KS-S13-AP_artepe_38_2.wav
1.3136636904761902,1.5081577111613875,rt,KS-S13-AP_artepe_39_3.wav
1.5081577111613875,1.5703249491869917,rt,KS-S13-AP_artepe_39_3.wav
1.4734760802469136,1.633891571969697,rt,KS-S13-AP_artepe_40_4.wav
1.2974713541666665,1.4758799342105262,rt,KS-S13-AP_artepe_95_1.wav
1.4885499999999998,1.6455557962046203,rt,KS-S13-AP_artepe_96_2.wav
1.6455557962046203,1.7073993749999998,rt,KS-S13-AP_artepe_96_2.wav
1.379253613945578,1.5862817982456139,t,KS-S13-AP_atake_109_1.wav
1.3808511574074074,1.7006848533411032,t,KS-S13-AP_atake_110_2.wav
1.2159024156441718,1.421306884765625,t,KS-S13-AP_atake_188_1.wav
1.2092793146630236,1.4079145359848484,t,KS-S13-AP_atake_189_2.wav
1.594146245291902,1.8497514099326597,t,KS-S13-AP_atake_5_1.wav
1.6512665516359917,1.8900451388888888,t,KS-S13-AP_atake_6_2.wav
1.5006233333333332,1.769029373123123,t,KS-S13-AP_ateke_129_1.wav
1.3308321540880501,1.5904041749667992,t,KS-S13-AP_ateke_130_2.wav
1.5377905701754384,1.8026293894129977,t,KS-S13-AP_ateke_15_1.wav
1.6771938961988304,1.9275271819526627,t,KS-S13-AP_ateke_16_2.wav
1.3563413109756097,1.6203303240740738,t,KS-S13-AP_ateke_212_1.wav
1.5076390678694158,1.7125367576628352,t,KS-S13-AP_ateke_213_2.wav
1.7503036971830983,2.007603768214936,t,KS-S13-AP_atenganenye_1_1.wav
1.503443789308176,1.7757484822505025,t,KS-S13-AP_atenganenye_142_1.wav
1.8464057800751879,2.037892706483126,t,KS-S13-AP_atenganenye_143_2.wav
1.3517109374999998,1.5832630925076452,t,KS-S13-AP_atenganenye_172_1.wav
1.67979993872549,1.8959054487179485,t,KS-S13-AP_atenganenye_173_2.wav
1.4346762820512817,1.678472306910569,t,KS-S13-AP_atenganenye_2_2.wav
1.4812583812260536,1.6691492275280897,th,KS-S13-AP_athenganenye_125_1.wav
1.3008881465517241,1.5424723557692306,th,KS-S13-AP_athenganenye_126_2.wav
1.3526414650537633,1.5365878267973854,th,KS-S13-AP_athenganenye_166_1.wav
1.249990603146853,1.4578397046925564,th,KS-S13-AP_athenganenye_167_2.wav
1.444298442556634,1.7028130414067912,th,KS-S13-AP_athenganenye_21_1.wav
1.3693705970790377,1.6046461165659616,th,KS-S13-AP_athenganenye_22_1.wav
1.390483814102564,1.6536659946236558,th,KS-S13-AP_athenge_176_1.wav
1.402769474637681,1.6627013480392154,th,KS-S13-AP_athenge_177_2.wav
1.4737815755208332,1.7309252574906366,th,KS-S13-AP_athenge_45_1.wav
1.2778377192982455,1.4990704656862743,th,KS-S13-AP_athenge_46_2.wav
1.4416219758064515,1.7264029807692307,th,KS-S13-AP_athenge_89_1.wav
1.370679861111111,1.640692327235772,th,KS-S13-AP_athenge_90_2.wav
1.3120933876811594,1.5613711503623187,th,KS-S13-AP_athepe_190_1.wav
1.3088152243589741,1.5613503170289853,th,KS-S13-AP_athepe_191_2.wav
1.5813410618279569,1.7892340277777776,th,KS-S13-AP_athepe_224_1.wav
1.3320701388888887,1.5199342105263156,th,KS-S13-AP_athepe_225_2.wav
1.46739069092827,1.686534207413249,th,KS-S13-AP_athepe_56_1.wav
1.1959330357142854,1.4394600694444444,th,KS-S13-AP_athepe_57_2.wav
1.5326866554054053,1.7657204166666665,th,KS-S13-AP_athepe_85_1.wav
1.9251935175962813,2.1161453125,th,KS-S13-AP_athepe_86_2.wav
1.22797875,1.3986510416666667,ty,KS-S13-AP_atyemeye_18_2.wav
1.3986510416666667,1.4623875718390804,ty,KS-S13-AP_atyemeye_18_2.wav
2.4609942602040817,2.6668968515037594,ty,KS-S13-AP_atyemeye_182_1.wav
1.3998343413978493,1.5802039175724636,ty,KS-S13-AP_atyemeye_183_2.wav
1.8684197303921568,2.0634991819371726,ty,KS-S13-AP_atyemeye_87_1.wav
1.534304861111111,1.7201868206521738,ty,KS-S13-AP_atyemeye_88_2.wav
1.6123576388888887,1.8044288837448557,ty,KS-S13-AP_atyemeye-n_17_1.wav
1.391270833333333,1.5852539914330217,ty,KS-S13-AP_atyepe_148_1.wav
1.3955462962962961,1.6050883228291315,ty,KS-S13-AP_atyepe_149_2.wav
1.2340229166666665,1.4679377460629919,ty,KS-S13-AP_atyepe_168_1.wav
2.105299107142857,2.27171875,ty,KS-S13-AP_atyepe_169_2.wav
1.6539508928571427,1.846197990543735,ty,KS-S13-AP_atyepe-t_35_1.wav
1.541578472222222,1.7294960040983607,ty,KS-S13-AP_atyepe-t_36_2.wav
